method,item,score
TM_CCOEFF_NORMED,empty,0.6743608713150024
TM_CCOEFF_NORMED,empty,0.5105059146881104
TM_CCOEFF_NORMED,empty,0.35387298464775085
TM_CCOEFF_NORMED,empty,-0.10245129466056824
TM_CCOEFF_NORMED,empty,0.3146316409111023
TM_CCOEFF_NORMED,empty,0.562463641166687
TM_CCOEFF_NORMED,empty,0.10213082283735275
TM_CCOEFF_NORMED,empty,-0.1605072021484375
TM_CCOEFF_NORMED,empty,0.03557606413960457
TM_CCOEFF_NORMED,empty,-0.15991933643817902
TM_CCOEFF_NORMED,empty,0.39071282744407654
TM_CCOEFF_NORMED,empty,0.1059824675321579
TM_CCOEFF_NORMED,empty,0.407622754573822
TM_CCOEFF_NORMED,empty,0.8631389141082764
TM_CCOEFF_NORMED,empty,0.12184729427099228
TM_CCOEFF_NORMED,empty,0.8264567255973816
TM_CCOEFF_NORMED,empty,0.4473714828491211
TM_CCOEFF_NORMED,empty,0.5547174215316772
TM_CCOEFF_NORMED,empty,0.48795321583747864
TM_CCOEFF_NORMED,empty,0.6073590517044067
TM_CCOEFF_NORMED,empty,-0.0507536455988884
TM_CCOEFF_NORMED,empty,0.4792717397212982
TM_CCOEFF_NORMED,empty,0.28813761472702026
TM_CCOEFF_NORMED,empty,0.2275053709745407
TM_CCOEFF_NORMED,empty,-0.13405287265777588
TM_CCOEFF_NORMED,empty,-0.1897224634885788
TM_CCOEFF_NORMED,empty,0.1934276521205902
TM_CCOEFF_NORMED,empty,0.3094187080860138
TM_CCOEFF_NORMED,empty,0.4082615375518799
TM_CCOEFF_NORMED,empty,0.8182503581047058
TM_CCOEFF_NORMED,empty,0.17867411673069
TM_CCOEFF_NORMED,empty,0.663278341293335
TM_CCOEFF_NORMED,empty,0.44013652205467224
TM_CCOEFF_NORMED,empty,-0.1257961541414261
TM_CCOEFF_NORMED,empty,0.8793855309486389
TM_CCOEFF_NORMED,empty,0.3693816363811493
TM_CCOEFF_NORMED,empty,-0.16660615801811218
TM_CCOEFF_NORMED,empty,0.6139307618141174
TM_CCOEFF_NORMED,empty,0.43871021270751953
TM_CCOEFF_NORMED,empty,0.3126258850097656
TM_CCOEFF_NORMED,empty,0.40169385075569153
TM_CCOEFF_NORMED,empty,0.21367676556110382
TM_CCOEFF_NORMED,empty,-0.094557024538517
TM_CCOEFF_NORMED,empty,0.12239861488342285
TM_CCOEFF_NORMED,empty,0.6997723579406738
TM_CCOEFF_NORMED,empty,-0.13663287460803986
TM_CCOEFF_NORMED,empty,0.1554620862007141
TM_CCOEFF_NORMED,empty,0.8081871271133423
TM_CCOEFF_NORMED,empty,0.38835951685905457
TM_CCOEFF_NORMED,empty,0.19976387917995453
TM_CCOEFF_NORMED,empty,0.3956865072250366
TM_CCOEFF_NORMED,empty,0.16175897419452667
TM_CCOEFF_NORMED,empty,0.2674463987350464
TM_CCOEFF_NORMED,empty,0.6087068319320679
TM_CCOEFF_NORMED,empty,0.15361203253269196
TM_CCOEFF_NORMED,empty,0.41560497879981995
TM_CCOEFF_NORMED,empty,0.12649333477020264
TM_CCOEFF_NORMED,empty,0.19932110607624054
TM_CCOEFF_NORMED,empty,0.3791470527648926
TM_CCOEFF_NORMED,empty,0.6911395192146301
TM_CCOEFF_NORMED,empty,0.48795321583747864
TM_CCOEFF_NORMED,empty,0.48795321583747864
TM_CCOEFF_NORMED,empty,-0.10006630420684814
TM_CCOEFF_NORMED,empty,0.1390877068042755
TM_CCOEFF_NORMED,empty,-0.21360871195793152
TM_CCOEFF_NORMED,empty,0.11405862122774124
TM_CCOEFF_NORMED,empty,0.11405862122774124
TM_CCOEFF_NORMED,empty,0.37288913130760193
TM_CCOEFF_NORMED,empty,0.5629734992980957
TM_CCOEFF_NORMED,empty,0.2963087260723114
TM_CCOEFF_NORMED,empty,0.405917227268219
TM_CCOEFF_NORMED,empty,0.41560497879981995
TM_CCOEFF_NORMED,empty,0.6034244298934937
TM_CCOEFF_NORMED,empty,0.4224116802215576
TM_CCOEFF_NORMED,empty,0.6762185096740723
TM_CCOEFF_NORMED,empty,0.26276975870132446
TM_CCOEFF_NORMED,empty,0.2566966116428375
TM_CCOEFF_NORMED,empty,0.3791470527648926
TM_CCOEFF_NORMED,empty,0.3791470527648926
TM_CCOEFF_NORMED,empty,0.6255070567131042
TM_CCOEFF_NORMED,empty,0.1488092839717865
TM_CCOEFF_NORMED,empty,-0.0283307284116745
TM_CCOEFF_NORMED,empty,0.23666076362133026
TM_CCOEFF_NORMED,empty,0.3802708685398102
TM_CCOEFF_NORMED,empty,-0.007433702237904072
TM_CCOEFF_NORMED,empty,0.5497140288352966
TM_CCOEFF_NORMED,empty,-0.2141239494085312
TM_CCOEFF_NORMED,empty,0.4552585184574127
TM_CCOEFF_NORMED,empty,0.7953320145606995
TM_CCOEFF_NORMED,empty,0.6351483464241028
TM_CCOEFF_NORMED,empty,0.5155339241027832
TM_CCOEFF_NORMED,empty,0.2592240869998932
TM_CCOEFF_NORMED,empty,0.5983546376228333
TM_CCOEFF_NORMED,empty,0.3930796980857849
TM_CCOEFF_NORMED,empty,0.32391899824142456
TM_CCOEFF_NORMED,empty,0.24130010604858398
TM_CCOEFF_NORMED,empty,0.13246263563632965
TM_CCOEFF_NORMED,empty,0.41560497879981995
TM_CCOEFF_NORMED,empty,0.6762185096740723
TM_CCOEFF_NORMED,empty,0.4559272527694702
TM_CCOEFF_NORMED,empty,0.10743512958288193
TM_CCOEFF_NORMED,empty,0.3762865364551544
TM_CCOEFF_NORMED,empty,0.2566966116428375
TM_CCOEFF_NORMED,empty,0.552552342414856
TM_CCOEFF_NORMED,empty,0.16175897419452667
TM_CCOEFF_NORMED,empty,0.4792717397212982
TM_CCOEFF_NORMED,empty,0.23848259449005127
TM_CCOEFF_NORMED,empty,0.09730111062526703
TM_CCOEFF_NORMED,empty,0.351188987493515
TM_CCOEFF_NORMED,empty,0.33390504121780396
TM_CCOEFF_NORMED,empty,0.407622754573822
TM_CCOEFF_NORMED,empty,0.4014981687068939
TM_CCOEFF_NORMED,empty,0.3126258850097656
TM_CCOEFF_NORMED,empty,0.6517394185066223
TM_CCOEFF_NORMED,empty,1.0
TM_CCOEFF_NORMED,empty,0.5547174215316772
TM_CCOEFF_NORMED,empty,0.19742080569267273
TM_CCOEFF_NORMED,empty,0.31806209683418274
TM_CCOEFF_NORMED,empty,0.2794571816921234
TM_CCOEFF_NORMED,empty,0.6743608713150024
TM_CCOEFF_NORMED,empty,0.8631389141082764
TM_CCOEFF_NORMED,empty,0.12184729427099228
TM_CCOEFF_NORMED,empty,0.10213082283735275
TM_CCORR_NORMED,empty,0.9942472577095032
TM_CCORR_NORMED,empty,0.9913153648376465
TM_CCORR_NORMED,empty,0.9859110713005066
TM_CCORR_NORMED,empty,0.9840916395187378
TM_CCORR_NORMED,empty,0.9889379143714905
TM_CCORR_NORMED,empty,0.991953432559967
TM_CCORR_NORMED,empty,0.9832996726036072
TM_CCORR_NORMED,empty,0.9803439974784851
TM_CCORR_NORMED,empty,0.972759485244751
TM_CCORR_NORMED,empty,0.9842280745506287
TM_CCORR_NORMED,empty,0.9890928864479065
TM_CCORR_NORMED,empty,0.9834858179092407
TM_CCORR_NORMED,empty,0.9892386794090271
TM_CCORR_NORMED,empty,0.9976019263267517
TM_CCORR_NORMED,empty,0.9842159152030945
TM_CCORR_NORMED,empty,0.9969726800918579
TM_CCORR_NORMED,empty,0.9907037019729614
TM_CCORR_NORMED,empty,0.9882410168647766
TM_CCORR_NORMED,empty,0.990816056728363
TM_CCORR_NORMED,empty,0.9929389953613281
TM_CCORR_NORMED,empty,0.984865665435791
TM_CCORR_NORMED,empty,0.9882840514183044
TM_CCORR_NORMED,empty,0.9865503907203674
TM_CCORR_NORMED,empty,0.9867909550666809
TM_CCORR_NORMED,empty,0.9812748432159424
TM_CCORR_NORMED,empty,0.9807375073432922
TM_CCORR_NORMED,empty,0.9862732291221619
TM_CCORR_NORMED,empty,0.9834970831871033
TM_CCORR_NORMED,empty,0.9902250170707703
TM_CCORR_NORMED,empty,0.9969288110733032
TM_CCORR_NORMED,empty,0.9906964898109436
TM_CCORR_NORMED,empty,0.9939308166503906
TM_CCORR_NORMED,empty,0.989839494228363
TM_CCORR_NORMED,empty,0.9801467061042786
TM_CCORR_NORMED,empty,0.9979768395423889
TM_CCORR_NORMED,empty,0.9886519908905029
TM_CCORR_NORMED,empty,0.9784514307975769
TM_CCORR_NORMED,empty,0.9930134415626526
TM_CCORR_NORMED,empty,0.981121838092804
TM_CCORR_NORMED,empty,0.9769062995910645
TM_CCORR_NORMED,empty,0.989976167678833
TM_CCORR_NORMED,empty,0.986754834651947
TM_CCORR_NORMED,empty,0.9848731160163879
TM_CCORR_NORMED,empty,0.9671024084091187
TM_CCORR_NORMED,empty,0.990990400314331
TM_CCORR_NORMED,empty,0.9770541191101074
TM_CCORR_NORMED,empty,0.9835047721862793
TM_CCORR_NORMED,empty,0.9967526197433472
TM_CCORR_NORMED,empty,0.989877462387085
TM_CCORR_NORMED,empty,0.9858434796333313
TM_CCORR_NORMED,empty,0.9845503568649292
TM_CCORR_NORMED,empty,0.9814335107803345
TM_CCORR_NORMED,empty,0.9847349524497986
TM_CCORR_NORMED,empty,0.9930175542831421
TM_CCORR_NORMED,empty,0.9849025011062622
TM_CCORR_NORMED,empty,0.9903414249420166
TM_CCORR_NORMED,empty,0.9840720295906067
TM_CCORR_NORMED,empty,0.9858448505401611
TM_CCORR_NORMED,empty,0.9896137714385986
TM_CCORR_NORMED,empty,0.9944445490837097
TM_CCORR_NORMED,empty,0.990816056728363
TM_CCORR_NORMED,empty,0.990816056728363
TM_CCORR_NORMED,empty,0.9843276739120483
TM_CCORR_NORMED,empty,0.9844154119491577
TM_CCORR_NORMED,empty,0.9798204302787781
TM_CCORR_NORMED,empty,0.9843707084655762
TM_CCORR_NORMED,empty,0.9843707084655762
TM_CCORR_NORMED,empty,0.9849331974983215
TM_CCORR_NORMED,empty,0.9937795996665955
TM_CCORR_NORMED,empty,0.9883323907852173
TM_CCORR_NORMED,empty,0.9890908598899841
TM_CCORR_NORMED,empty,0.9903414249420166
TM_CCORR_NORMED,empty,0.9852612018585205
TM_CCORR_NORMED,empty,0.9799556136131287
TM_CCORR_NORMED,empty,0.9941728115081787
TM_CCORR_NORMED,empty,0.9853665232658386
TM_CCORR_NORMED,empty,0.9873591661453247
TM_CCORR_NORMED,empty,0.9896137714385986
TM_CCORR_NORMED,empty,0.9896137714385986
TM_CCORR_NORMED,empty,0.9904499650001526
TM_CCORR_NORMED,empty,0.9846746921539307
TM_CCORR_NORMED,empty,0.9856329560279846
TM_CCORR_NORMED,empty,0.9871871471405029
TM_CCORR_NORMED,empty,0.9849133491516113
TM_CCORR_NORMED,empty,0.9863135814666748
TM_CCORR_NORMED,empty,0.9929094910621643
TM_CCORR_NORMED,empty,0.9796464443206787
TM_CCORR_NORMED,empty,0.9881550669670105
TM_CCORR_NORMED,empty,0.9965378046035767
TM_CCORR_NORMED,empty,0.9916184544563293
TM_CCORR_NORMED,empty,0.985355794429779
TM_CCORR_NORMED,empty,0.9800363779067993
TM_CCORR_NORMED,empty,0.9902635216712952
TM_CCORR_NORMED,empty,0.9851589202880859
TM_CCORR_NORMED,empty,0.9890835285186768
TM_CCORR_NORMED,empty,0.9872918725013733
TM_CCORR_NORMED,empty,0.9839698672294617
TM_CCORR_NORMED,empty,0.9903414249420166
TM_CCORR_NORMED,empty,0.9941728115081787
TM_CCORR_NORMED,empty,0.9886034727096558
TM_CCORR_NORMED,empty,0.9827377200126648
TM_CCORR_NORMED,empty,0.9894985556602478
TM_CCORR_NORMED,empty,0.9873591661453247
TM_CCORR_NORMED,empty,0.9930261969566345
TM_CCORR_NORMED,empty,0.9814335107803345
TM_CCORR_NORMED,empty,0.9882840514183044
TM_CCORR_NORMED,empty,0.9827699065208435
TM_CCORR_NORMED,empty,0.9835457801818848
TM_CCORR_NORMED,empty,0.9757331609725952
TM_CCORR_NORMED,empty,0.988941490650177
TM_CCORR_NORMED,empty,0.9892386794090271
TM_CCORR_NORMED,empty,0.9901326298713684
TM_CCORR_NORMED,empty,0.9769062995910645
TM_CCORR_NORMED,empty,0.9908822178840637
TM_CCORR_NORMED,empty,1.0
TM_CCORR_NORMED,empty,0.9882410168647766
TM_CCORR_NORMED,empty,0.9855986833572388
TM_CCORR_NORMED,empty,0.9874452948570251
TM_CCORR_NORMED,empty,0.9875503778457642
TM_CCORR_NORMED,empty,0.9942472577095032
TM_CCORR_NORMED,empty,0.9976019263267517
TM_CCORR_NORMED,empty,0.9842159152030945
TM_CCORR_NORMED,empty,0.9832996726036072
TM_SQDIFF_NORMED,empty,0.012404272332787514
TM_SQDIFF_NORMED,empty,0.017897028475999832
TM_SQDIFF_NORMED,empty,0.028432266786694527
TM_SQDIFF_NORMED,empty,0.03320150077342987
TM_SQDIFF_NORMED,empty,0.022319037467241287
TM_SQDIFF_NORMED,empty,0.017128216102719307
TM_SQDIFF_NORMED,empty,0.034203726798295975
TM_SQDIFF_NORMED,empty,0.039327021688222885
TM_SQDIFF_NORMED,empty,0.056043848395347595
TM_SQDIFF_NORMED,empty,0.03382161632180214
TM_SQDIFF_NORMED,empty,0.027594873681664467
TM_SQDIFF_NORMED,empty,0.03417667746543884
TM_SQDIFF_NORMED,empty,0.02745218575000763
TM_SQDIFF_NORMED,empty,0.004803135991096497
TM_SQDIFF_NORMED,empty,0.032530274242162704
TM_SQDIFF_NORMED,empty,0.006102806888520718
TM_SQDIFF_NORMED,empty,0.018609823659062386
TM_SQDIFF_NORMED,empty,0.02461523376405239
TM_SQDIFF_NORMED,empty,0.019681416451931
TM_SQDIFF_NORMED,empty,0.015415801666676998
TM_SQDIFF_NORMED,empty,0.031291939318180084
TM_SQDIFF_NORMED,empty,0.030181724578142166
TM_SQDIFF_NORMED,empty,0.026921579614281654
TM_SQDIFF_NORMED,empty,0.026490142568945885
TM_SQDIFF_NORMED,empty,0.03750041499733925
TM_SQDIFF_NORMED,empty,0.038691792637109756
TM_SQDIFF_NORMED,empty,0.027455132454633713
TM_SQDIFF_NORMED,empty,0.03354480490088463
TM_SQDIFF_NORMED,empty,0.019647330045700073
TM_SQDIFF_NORMED,empty,0.006142767146229744
TM_SQDIFF_NORMED,empty,0.024858973920345306
TM_SQDIFF_NORMED,empty,0.012846307829022408
TM_SQDIFF_NORMED,empty,0.02624918892979622
TM_SQDIFF_NORMED,empty,0.0397539958357811
TM_SQDIFF_NORMED,empty,0.004054578952491283
TM_SQDIFF_NORMED,empty,0.022711683064699173
TM_SQDIFF_NORMED,empty,0.0431334562599659
TM_SQDIFF_NORMED,empty,0.015771349892020226
TM_SQDIFF_NORMED,empty,0.038226284086704254
TM_SQDIFF_NORMED,empty,0.05086385831236839
TM_SQDIFF_NORMED,empty,0.02004830911755562
TM_SQDIFF_NORMED,empty,0.026592187583446503
TM_SQDIFF_NORMED,empty,0.03232230991125107
TM_SQDIFF_NORMED,empty,0.06849448382854462
TM_SQDIFF_NORMED,empty,0.018020199611783028
TM_SQDIFF_NORMED,empty,0.04591544717550278
TM_SQDIFF_NORMED,empty,0.03494636341929436
TM_SQDIFF_NORMED,empty,0.006495159585028887
TM_SQDIFF_NORMED,empty,0.020345041528344154
TM_SQDIFF_NORMED,empty,0.029363324865698814
TM_SQDIFF_NORMED,empty,0.03521764650940895
TM_SQDIFF_NORMED,empty,0.03824501857161522
TM_SQDIFF_NORMED,empty,0.030538493767380714
TM_SQDIFF_NORMED,empty,0.015022732317447662
TM_SQDIFF_NORMED,empty,0.030693642795085907
TM_SQDIFF_NORMED,empty,0.019404832273721695
TM_SQDIFF_NORMED,empty,0.03279011324048042
TM_SQDIFF_NORMED,empty,0.02935624308884144
TM_SQDIFF_NORMED,empty,0.020787185057997704
TM_SQDIFF_NORMED,empty,0.01224213745445013
TM_SQDIFF_NORMED,empty,0.019681416451931
TM_SQDIFF_NORMED,empty,0.019681416451931
TM_SQDIFF_NORMED,empty,0.032683152705430984
TM_SQDIFF_NORMED,empty,0.03264191374182701
TM_SQDIFF_NORMED,empty,0.04039369896054268
TM_SQDIFF_NORMED,empty,0.03216229006648064
TM_SQDIFF_NORMED,empty,0.03216229006648064
TM_SQDIFF_NORMED,empty,0.030287299305200577
TM_SQDIFF_NORMED,empty,0.01438510324805975
TM_SQDIFF_NORMED,empty,0.023383188992738724
TM_SQDIFF_NORMED,empty,0.028408870100975037
TM_SQDIFF_NORMED,empty,0.019404832273721695
TM_SQDIFF_NORMED,empty,0.03530873358249664
TM_SQDIFF_NORMED,empty,0.04188564047217369
TM_SQDIFF_NORMED,empty,0.01273167785257101
TM_SQDIFF_NORMED,empty,0.02928852289915085
TM_SQDIFF_NORMED,empty,0.025286713615059853
TM_SQDIFF_NORMED,empty,0.020787185057997704
TM_SQDIFF_NORMED,empty,0.020787185057997704
TM_SQDIFF_NORMED,empty,0.02196241170167923
TM_SQDIFF_NORMED,empty,0.030672946944832802
TM_SQDIFF_NORMED,empty,0.030505076050758362
TM_SQDIFF_NORMED,empty,0.02564115822315216
TM_SQDIFF_NORMED,empty,0.030731379985809326
TM_SQDIFF_NORMED,empty,0.02946907840669155
TM_SQDIFF_NORMED,empty,0.01566889137029648
TM_SQDIFF_NORMED,empty,0.04075827822089195
TM_SQDIFF_NORMED,empty,0.028484433889389038
TM_SQDIFF_NORMED,empty,0.006926765665411949
TM_SQDIFF_NORMED,empty,0.018239296972751617
TM_SQDIFF_NORMED,empty,0.030196689069271088
TM_SQDIFF_NORMED,empty,0.039977092295885086
TM_SQDIFF_NORMED,empty,0.01948000304400921
TM_SQDIFF_NORMED,empty,0.031165173277258873
TM_SQDIFF_NORMED,empty,0.02208550088107586
TM_SQDIFF_NORMED,empty,0.025446312502026558
TM_SQDIFF_NORMED,empty,0.033698733896017075
TM_SQDIFF_NORMED,empty,0.019404832273721695
TM_SQDIFF_NORMED,empty,0.01273167785257101
TM_SQDIFF_NORMED,empty,0.024360159412026405
TM_SQDIFF_NORMED,empty,0.035486459732055664
TM_SQDIFF_NORMED,empty,0.02101445011794567
TM_SQDIFF_NORMED,empty,0.025286713615059853
TM_SQDIFF_NORMED,empty,0.015018537640571594
TM_SQDIFF_NORMED,empty,0.03824501857161522
TM_SQDIFF_NORMED,empty,0.030181724578142166
TM_SQDIFF_NORMED,empty,0.03597545623779297
TM_SQDIFF_NORMED,empty,0.03407090902328491
TM_SQDIFF_NORMED,empty,0.04867248237133026
TM_SQDIFF_NORMED,empty,0.022154558449983597
TM_SQDIFF_NORMED,empty,0.02745218575000763
TM_SQDIFF_NORMED,empty,0.0198107548058033
TM_SQDIFF_NORMED,empty,0.05086385831236839
TM_SQDIFF_NORMED,empty,0.02075650915503502
TM_SQDIFF_NORMED,empty,0.0
TM_SQDIFF_NORMED,empty,0.02461523376405239
TM_SQDIFF_NORMED,empty,0.030129490420222282
TM_SQDIFF_NORMED,empty,0.02511877380311489
TM_SQDIFF_NORMED,empty,0.024900341406464577
TM_SQDIFF_NORMED,empty,0.012404272332787514
TM_SQDIFF_NORMED,empty,0.004803135991096497
TM_SQDIFF_NORMED,empty,0.032530274242162704
TM_SQDIFF_NORMED,empty,0.034203726798295975
TM_CCOEFF_NORMED,grass,0.05588314309716225
TM_CCOEFF_NORMED,grass,0.062006063759326935
TM_CCOEFF_NORMED,grass,0.624267041683197
TM_CCOEFF_NORMED,grass,0.8472331762313843
TM_CCOEFF_NORMED,grass,0.933982789516449
TM_CCOEFF_NORMED,grass,0.5693172216415405
TM_CCOEFF_NORMED,grass,0.958652913570404
TM_CCOEFF_NORMED,grass,0.9966679811477661
TM_CCOEFF_NORMED,grass,0.9852836728096008
TM_CCOEFF_NORMED,grass,0.9660601615905762
TM_CCOEFF_NORMED,grass,0.6683771014213562
TM_CCOEFF_NORMED,grass,0.6861676573753357
TM_CCOEFF_NORMED,grass,0.9228236079216003
TM_CCOEFF_NORMED,grass,0.15298500657081604
TM_CCOEFF_NORMED,grass,0.9404526948928833
TM_CCOEFF_NORMED,grass,0.9550312161445618
TM_CCOEFF_NORMED,grass,0.9621075391769409
TM_CCOEFF_NORMED,grass,0.4999522268772125
TM_CCOEFF_NORMED,grass,0.5771263241767883
TM_CCOEFF_NORMED,grass,0.8967010378837585
TM_CCOEFF_NORMED,grass,0.9721354842185974
TM_CCOEFF_NORMED,grass,-0.023641223087906837
TM_CCOEFF_NORMED,grass,0.9846857190132141
TM_CCOEFF_NORMED,grass,0.9845784306526184
TM_CCOEFF_NORMED,grass,0.9000794887542725
TM_CCOEFF_NORMED,grass,0.9949526190757751
TM_CCOEFF_NORMED,grass,0.45064765214920044
TM_CCOEFF_NORMED,grass,0.785897433757782
TM_CCOEFF_NORMED,grass,0.9856576919555664
TM_CCOEFF_NORMED,grass,0.7837985157966614
TM_CCOEFF_NORMED,grass,0.8068297505378723
TM_CCOEFF_NORMED,grass,0.9660601615905762
TM_CCOEFF_NORMED,grass,0.9699999690055847
TM_CCOEFF_NORMED,grass,0.9228236079216003
TM_CCOEFF_NORMED,grass,0.933982789516449
TM_CCOEFF_NORMED,grass,0.15298500657081604
TM_CCOEFF_NORMED,grass,0.9404526948928833
TM_CCOEFF_NORMED,grass,0.9621075391769409
TM_CCOEFF_NORMED,grass,0.5771263241767883
TM_CCOEFF_NORMED,grass,0.062006063759326935
TM_CCOEFF_NORMED,grass,0.9660601615905762
TM_CCOEFF_NORMED,grass,0.9852836728096008
TM_CCOEFF_NORMED,grass,0.9863916039466858
TM_CCOEFF_NORMED,grass,0.9550312161445618
TM_CCOEFF_NORMED,grass,0.05588314309716225
TM_CCOEFF_NORMED,grass,0.8068297505378723
TM_CCOEFF_NORMED,grass,0.8068297505378723
TM_CCOEFF_NORMED,grass,0.7837985157966614
TM_CCOEFF_NORMED,grass,0.45064765214920044
TM_CCOEFF_NORMED,grass,0.6861676573753357
TM_CCOEFF_NORMED,grass,0.45064765214920044
TM_CCOEFF_NORMED,grass,0.613103449344635
TM_CCOEFF_NORMED,grass,0.8967010378837585
TM_CCOEFF_NORMED,grass,0.9550312161445618
TM_CCOEFF_NORMED,grass,0.9601278305053711
TM_CCOEFF_NORMED,grass,0.9852836728096008
TM_CCOEFF_NORMED,grass,0.021712105721235275
TM_CCOEFF_NORMED,grass,0.021712105721235275
TM_CCOEFF_NORMED,grass,0.05664849281311035
TM_CCORR_NORMED,grass,0.885077953338623
TM_CCORR_NORMED,grass,0.8762277960777283
TM_CCORR_NORMED,grass,0.9710623621940613
TM_CCORR_NORMED,grass,0.9895820617675781
TM_CCORR_NORMED,grass,0.9962639808654785
TM_CCORR_NORMED,grass,0.9758902788162231
TM_CCORR_NORMED,grass,0.9976271986961365
TM_CCORR_NORMED,grass,0.9998120069503784
TM_CCORR_NORMED,grass,0.9991704225540161
TM_CCORR_NORMED,grass,0.9980809092521667
TM_CCORR_NORMED,grass,0.9826393723487854
TM_CCORR_NORMED,grass,0.9836404919624329
TM_CCORR_NORMED,grass,0.9956295490264893
TM_CCORR_NORMED,grass,0.9526907801628113
TM_CCORR_NORMED,grass,0.9966388940811157
TM_CCORR_NORMED,grass,0.9974579811096191
TM_CCORR_NORMED,grass,0.9978600144386292
TM_CCORR_NORMED,grass,0.9674669504165649
TM_CCORR_NORMED,grass,0.9764391779899597
TM_CCORR_NORMED,grass,0.9929169416427612
TM_CCORR_NORMED,grass,0.9984003901481628
TM_CCORR_NORMED,grass,0.8658996820449829
TM_CCORR_NORMED,grass,0.9991336464881897
TM_CCORR_NORMED,grass,0.999127209186554
TM_CCORR_NORMED,grass,0.9929533004760742
TM_CCORR_NORMED,grass,0.9997149109840393
TM_CCORR_NORMED,grass,0.964577853679657
TM_CCORR_NORMED,grass,0.9856734871864319
TM_CCORR_NORMED,grass,0.9991916418075562
TM_CCORR_NORMED,grass,0.9876568913459778
TM_CCORR_NORMED,grass,0.9860472083091736
TM_CCORR_NORMED,grass,0.9980809092521667
TM_CCORR_NORMED,grass,0.9982767701148987
TM_CCORR_NORMED,grass,0.9956295490264893
TM_CCORR_NORMED,grass,0.9962639808654785
TM_CCORR_NORMED,grass,0.9526907801628113
TM_CCORR_NORMED,grass,0.9966388940811157
TM_CCORR_NORMED,grass,0.9978600144386292
TM_CCORR_NORMED,grass,0.9764391779899597
TM_CCORR_NORMED,grass,0.8762277960777283
TM_CCORR_NORMED,grass,0.9980809092521667
TM_CCORR_NORMED,grass,0.9991704225540161
TM_CCORR_NORMED,grass,0.9992327094078064
TM_CCORR_NORMED,grass,0.9974579811096191
TM_CCORR_NORMED,grass,0.885077953338623
TM_CCORR_NORMED,grass,0.9860472083091736
TM_CCORR_NORMED,grass,0.9860472083091736
TM_CCORR_NORMED,grass,0.9876568913459778
TM_CCORR_NORMED,grass,0.964577853679657
TM_CCORR_NORMED,grass,0.9836404919624329
TM_CCORR_NORMED,grass,0.964577853679657
TM_CCORR_NORMED,grass,0.9721921682357788
TM_CCORR_NORMED,grass,0.9929169416427612
TM_CCORR_NORMED,grass,0.9974579811096191
TM_CCORR_NORMED,grass,0.9977455735206604
TM_CCORR_NORMED,grass,0.9991704225540161
TM_CCORR_NORMED,grass,0.8035404682159424
TM_CCORR_NORMED,grass,0.8035404682159424
TM_CCORR_NORMED,grass,0.8025141358375549
TM_SQDIFF_NORMED,grass,0.3369804918766022
TM_SQDIFF_NORMED,grass,0.36049506068229675
TM_SQDIFF_NORMED,grass,0.05970161780714989
TM_SQDIFF_NORMED,grass,0.02087784744799137
TM_SQDIFF_NORMED,grass,0.0074839782901108265
TM_SQDIFF_NORMED,grass,0.05021565407514572
TM_SQDIFF_NORMED,grass,0.004774814005941153
TM_SQDIFF_NORMED,grass,0.00037599451025016606
TM_SQDIFF_NORMED,grass,0.0016591466264799237
TM_SQDIFF_NORMED,grass,0.003838266944512725
TM_SQDIFF_NORMED,grass,0.03515453636646271
TM_SQDIFF_NORMED,grass,0.032973650842905045
TM_SQDIFF_NORMED,grass,0.008762230165302753
TM_SQDIFF_NORMED,grass,0.10508708655834198
TM_SQDIFF_NORMED,grass,0.006724133621901274
TM_SQDIFF_NORMED,grass,0.005097649991512299
TM_SQDIFF_NORMED,grass,0.004281769506633282
TM_SQDIFF_NORMED,grass,0.06977076828479767
TM_SQDIFF_NORMED,grass,0.04962044581770897
TM_SQDIFF_NORMED,grass,0.014521157369017601
TM_SQDIFF_NORMED,grass,0.003199940547347069
TM_SQDIFF_NORMED,grass,0.417591392993927
TM_SQDIFF_NORMED,grass,0.0017365760868415236
TM_SQDIFF_NORMED,grass,0.0017507089069113135
TM_SQDIFF_NORMED,grass,0.01478324644267559
TM_SQDIFF_NORMED,grass,0.0005750582786276937
TM_SQDIFF_NORMED,grass,0.07121025770902634
TM_SQDIFF_NORMED,grass,0.028660282492637634
TM_SQDIFF_NORMED,grass,0.0016167254652827978
TM_SQDIFF_NORMED,grass,0.02472732774913311
TM_SQDIFF_NORMED,grass,0.02793337032198906
TM_SQDIFF_NORMED,grass,0.003838266944512725
TM_SQDIFF_NORMED,grass,0.0034464735072106123
TM_SQDIFF_NORMED,grass,0.008762230165302753
TM_SQDIFF_NORMED,grass,0.0074839782901108265
TM_SQDIFF_NORMED,grass,0.10508708655834198
TM_SQDIFF_NORMED,grass,0.006724133621901274
TM_SQDIFF_NORMED,grass,0.004281769506633282
TM_SQDIFF_NORMED,grass,0.04962044581770897
TM_SQDIFF_NORMED,grass,0.36049506068229675
TM_SQDIFF_NORMED,grass,0.003838266944512725
TM_SQDIFF_NORMED,grass,0.0016591466264799237
TM_SQDIFF_NORMED,grass,0.001534965238533914
TM_SQDIFF_NORMED,grass,0.005097649991512299
TM_SQDIFF_NORMED,grass,0.3369804918766022
TM_SQDIFF_NORMED,grass,0.02793337032198906
TM_SQDIFF_NORMED,grass,0.02793337032198906
TM_SQDIFF_NORMED,grass,0.02472732774913311
TM_SQDIFF_NORMED,grass,0.07121025770902634
TM_SQDIFF_NORMED,grass,0.032973650842905045
TM_SQDIFF_NORMED,grass,0.07121025770902634
TM_SQDIFF_NORMED,grass,0.05583029240369797
TM_SQDIFF_NORMED,grass,0.014521157369017601
TM_SQDIFF_NORMED,grass,0.005097649991512299
TM_SQDIFF_NORMED,grass,0.004516716115176678
TM_SQDIFF_NORMED,grass,0.0016591466264799237
TM_SQDIFF_NORMED,grass,0.3930644094944
TM_SQDIFF_NORMED,grass,0.3930644094944
TM_SQDIFF_NORMED,grass,0.3953789472579956
TM_CCOEFF_NORMED,bush,0.7579854130744934
TM_CCOEFF_NORMED,bush,0.7579854130744934
TM_CCOEFF_NORMED,bush,0.7581919431686401
TM_CCOEFF_NORMED,bush,0.7635313868522644
TM_CCOEFF_NORMED,bush,0.16694903373718262
TM_CCOEFF_NORMED,bush,0.8152471780776978
TM_CCOEFF_NORMED,bush,1.0
TM_CCOEFF_NORMED,bush,0.7979495525360107
TM_CCOEFF_NORMED,bush,0.8213452100753784
TM_CCOEFF_NORMED,bush,0.751913845539093
TM_CCOEFF_NORMED,bush,0.8152471780776978
TM_CCOEFF_NORMED,bush,0.8178227543830872
TM_CCOEFF_NORMED,bush,0.7785274386405945
TM_CCOEFF_NORMED,bush,0.7635313868522644
TM_CCOEFF_NORMED,bush,0.40357446670532227
TM_CCOEFF_NORMED,bush,0.4073883891105652
TM_CCOEFF_NORMED,bush,0.5130631923675537
TM_CCOEFF_NORMED,bush,0.16005487740039825
TM_CCOEFF_NORMED,bush,0.8213452100753784
TM_CCOEFF_NORMED,bush,0.39781510829925537
TM_CCOEFF_NORMED,bush,0.7579854130744934
TM_CCOEFF_NORMED,bush,0.40357446670532227
TM_CCOEFF_NORMED,bush,0.7581919431686401
TM_CCOEFF_NORMED,bush,0.4073883891105652
TM_CCOEFF_NORMED,bush,0.7635313868522644
TM_CCOEFF_NORMED,bush,0.5130631923675537
TM_CCOEFF_NORMED,bush,0.7841642498970032
TM_CCOEFF_NORMED,bush,0.8147515058517456
TM_CCOEFF_NORMED,bush,0.16005487740039825
TM_CCOEFF_NORMED,bush,1.0
TM_CCOEFF_NORMED,bush,0.7511541843414307
TM_CCOEFF_NORMED,bush,0.8161237239837646
TM_CCOEFF_NORMED,bush,0.34495481848716736
TM_CCOEFF_NORMED,bush,0.8152471780776978
TM_CCOEFF_NORMED,bush,0.751913845539093
TM_CCORR_NORMED,bush,0.9766057133674622
TM_CCORR_NORMED,bush,0.9766057133674622
TM_CCORR_NORMED,bush,0.9766306281089783
TM_CCORR_NORMED,bush,0.9748921990394592
TM_CCORR_NORMED,bush,0.903789222240448
TM_CCORR_NORMED,bush,0.9820825457572937
TM_CCORR_NORMED,bush,1.0
TM_CCORR_NORMED,bush,0.9804033041000366
TM_CCORR_NORMED,bush,0.9826943278312683
TM_CCORR_NORMED,bush,0.9740903973579407
TM_CCORR_NORMED,bush,0.9820825457572937
TM_CCORR_NORMED,bush,0.9823282957077026
TM_CCORR_NORMED,bush,0.9785537719726562
TM_CCORR_NORMED,bush,0.9748921990394592
TM_CCORR_NORMED,bush,0.9460777044296265
TM_CCORR_NORMED,bush,0.9464166760444641
TM_CCORR_NORMED,bush,0.9427589774131775
TM_CCORR_NORMED,bush,0.858805775642395
TM_CCORR_NORMED,bush,0.9826943278312683
TM_CCORR_NORMED,bush,0.949744701385498
TM_CCORR_NORMED,bush,0.9766057133674622
TM_CCORR_NORMED,bush,0.9460777044296265
TM_CCORR_NORMED,bush,0.9766306281089783
TM_CCORR_NORMED,bush,0.9464166760444641
TM_CCORR_NORMED,bush,0.9748921990394592
TM_CCORR_NORMED,bush,0.9427589774131775
TM_CCORR_NORMED,bush,0.9783103466033936
TM_CCORR_NORMED,bush,0.9820388555526733
TM_CCORR_NORMED,bush,0.858805775642395
TM_CCORR_NORMED,bush,1.0
TM_CCORR_NORMED,bush,0.9752354621887207
TM_CCORR_NORMED,bush,0.9821140766143799
TM_CCORR_NORMED,bush,0.8750628232955933
TM_CCORR_NORMED,bush,0.9820825457572937
TM_CCORR_NORMED,bush,0.9740903973579407
TM_SQDIFF_NORMED,bush,0.04732147604227066
TM_SQDIFF_NORMED,bush,0.04732147604227066
TM_SQDIFF_NORMED,bush,0.047276802361011505
TM_SQDIFF_NORMED,bush,0.052135929465293884
TM_SQDIFF_NORMED,bush,0.2577235996723175
TM_SQDIFF_NORMED,bush,0.03643828257918358
TM_SQDIFF_NORMED,bush,0.0
TM_SQDIFF_NORMED,bush,0.03964116796851158
TM_SQDIFF_NORMED,bush,0.035255637019872665
TM_SQDIFF_NORMED,bush,0.05200263857841492
TM_SQDIFF_NORMED,bush,0.03643828257918358
TM_SQDIFF_NORMED,bush,0.036080580204725266
TM_SQDIFF_NORMED,bush,0.04340217262506485
TM_SQDIFF_NORMED,bush,0.052135929465293884
TM_SQDIFF_NORMED,bush,0.11172279715538025
TM_SQDIFF_NORMED,bush,0.11113018542528152
TM_SQDIFF_NORMED,bush,0.1268661916255951
TM_SQDIFF_NORMED,bush,0.3353367745876312
TM_SQDIFF_NORMED,bush,0.035255637019872665
TM_SQDIFF_NORMED,bush,0.10238740593194962
TM_SQDIFF_NORMED,bush,0.04732147604227066
TM_SQDIFF_NORMED,bush,0.11172279715538025
TM_SQDIFF_NORMED,bush,0.047276802361011505
TM_SQDIFF_NORMED,bush,0.11113018542528152
TM_SQDIFF_NORMED,bush,0.052135929465293884
TM_SQDIFF_NORMED,bush,0.1268661916255951
TM_SQDIFF_NORMED,bush,0.04470862075686455
TM_SQDIFF_NORMED,bush,0.03651832044124603
TM_SQDIFF_NORMED,bush,0.3353367745876312
TM_SQDIFF_NORMED,bush,0.0
TM_SQDIFF_NORMED,bush,0.04979410395026207
TM_SQDIFF_NORMED,bush,0.036631472408771515
TM_SQDIFF_NORMED,bush,0.2802514433860779
TM_SQDIFF_NORMED,bush,0.03643828257918358
TM_SQDIFF_NORMED,bush,0.05200263857841492
TM_CCOEFF_NORMED,tree,0.5724112391471863
TM_CCOEFF_NORMED,tree,0.6467726826667786
TM_CCOEFF_NORMED,tree,0.9993172883987427
TM_CCOEFF_NORMED,tree,0.6260233521461487
TM_CCOEFF_NORMED,tree,0.44177576899528503
TM_CCOEFF_NORMED,tree,-0.0163602065294981
TM_CCOEFF_NORMED,tree,0.6467726826667786
TM_CCOEFF_NORMED,tree,0.6397709250450134
TM_CCOEFF_NORMED,tree,0.642724871635437
TM_CCOEFF_NORMED,tree,0.2630647122859955
TM_CCOEFF_NORMED,tree,0.6534618735313416
TM_CCOEFF_NORMED,tree,0.9571458101272583
TM_CCOEFF_NORMED,tree,0.6533291339874268
TM_CCOEFF_NORMED,tree,0.6271766424179077
TM_CCOEFF_NORMED,tree,0.6288880705833435
TM_CCOEFF_NORMED,tree,0.23456665873527527
TM_CCOEFF_NORMED,tree,0.026943683624267578
TM_CCOEFF_NORMED,tree,0.6265036463737488
TM_CCOEFF_NORMED,tree,0.6265036463737488
TM_CCOEFF_NORMED,tree,0.8092189431190491
TM_CCOEFF_NORMED,tree,0.030413007363677025
TM_CCOEFF_NORMED,tree,0.9781837463378906
TM_CCOEFF_NORMED,tree,-0.017257999628782272
TM_CCOEFF_NORMED,tree,0.6533291339874268
TM_CCOEFF_NORMED,tree,0.2630647122859955
TM_CCOEFF_NORMED,tree,0.9999995231628418
TM_CCOEFF_NORMED,tree,-0.0163602065294981
TM_CCOEFF_NORMED,tree,0.5724112391471863
TM_CCOEFF_NORMED,tree,-0.017257999628782272
TM_CCOEFF_NORMED,tree,0.6534618735313416
TM_CCOEFF_NORMED,tree,0.026943683624267578
TM_CCOEFF_NORMED,tree,0.5523038506507874
TM_CCOEFF_NORMED,tree,0.030413007363677025
TM_CCOEFF_NORMED,tree,0.8092189431190491
TM_CCOEFF_NORMED,tree,0.9781837463378906
TM_CCOEFF_NORMED,tree,0.23456665873527527
TM_CCOEFF_NORMED,tree,0.23456665873527527
TM_CCOEFF_NORMED,tree,0.5523038506507874
TM_CCOEFF_NORMED,tree,0.44177576899528503
TM_CCOEFF_NORMED,tree,0.44177576899528503
TM_CCOEFF_NORMED,tree,0.5523038506507874
TM_CCOEFF_NORMED,tree,0.030413007363677025
TM_CCOEFF_NORMED,tree,0.23456665873527527
TM_CCORR_NORMED,tree,0.9465063214302063
TM_CCORR_NORMED,tree,0.9573345184326172
TM_CCORR_NORMED,tree,0.9999098181724548
TM_CCORR_NORMED,tree,0.9553110003471375
TM_CCORR_NORMED,tree,0.9381102919578552
TM_CCORR_NORMED,tree,0.851205587387085
TM_CCORR_NORMED,tree,0.9573345184326172
TM_CCORR_NORMED,tree,0.9564961194992065
TM_CCORR_NORMED,tree,0.9568288326263428
TM_CCORR_NORMED,tree,0.907878041267395
TM_CCORR_NORMED,tree,0.9582221508026123
TM_CCORR_NORMED,tree,0.9943134784698486
TM_CCORR_NORMED,tree,0.9582419395446777
TM_CCORR_NORMED,tree,0.9549627304077148
TM_CCORR_NORMED,tree,0.9551156759262085
TM_CCORR_NORMED,tree,0.9042825102806091
TM_CCORR_NORMED,tree,0.7568606734275818
TM_CCORR_NORMED,tree,0.9553086757659912
TM_CCORR_NORMED,tree,0.9553086757659912
TM_CCORR_NORMED,tree,0.9728219509124756
TM_CCORR_NORMED,tree,0.8474398255348206
TM_CCORR_NORMED,tree,0.9971221685409546
TM_CCORR_NORMED,tree,0.7632191181182861
TM_CCORR_NORMED,tree,0.9582419395446777
TM_CCORR_NORMED,tree,0.907878041267395
TM_CCORR_NORMED,tree,0.9999999403953552
TM_CCORR_NORMED,tree,0.851205587387085
TM_CCORR_NORMED,tree,0.9465063214302063
TM_CCORR_NORMED,tree,0.7632191181182861
TM_CCORR_NORMED,tree,0.9582221508026123
TM_CCORR_NORMED,tree,0.7568606734275818
TM_CCORR_NORMED,tree,0.9435162544250488
TM_CCORR_NORMED,tree,0.8474398255348206
TM_CCORR_NORMED,tree,0.9728219509124756
TM_CCORR_NORMED,tree,0.9971221685409546
TM_CCORR_NORMED,tree,0.9042825102806091
TM_CCORR_NORMED,tree,0.9042825102806091
TM_CCORR_NORMED,tree,0.9435162544250488
TM_CCORR_NORMED,tree,0.9381102919578552
TM_CCORR_NORMED,tree,0.9381102919578552
TM_CCORR_NORMED,tree,0.9435162544250488
TM_CCORR_NORMED,tree,0.8474398255348206
TM_CCORR_NORMED,tree,0.9042825102806091
TM_SQDIFF_NORMED,tree,0.11583249270915985
TM_SQDIFF_NORMED,tree,0.09445472806692123
TM_SQDIFF_NORMED,tree,0.00018059273133985698
TM_SQDIFF_NORMED,tree,0.0974779948592186
TM_SQDIFF_NORMED,tree,0.16459782421588898
TM_SQDIFF_NORMED,tree,0.5552907586097717
TM_SQDIFF_NORMED,tree,0.09445472806692123
TM_SQDIFF_NORMED,tree,0.09586749970912933
TM_SQDIFF_NORMED,tree,0.09545806795358658
TM_SQDIFF_NORMED,tree,0.23689678311347961
TM_SQDIFF_NORMED,tree,0.09240207821130753
TM_SQDIFF_NORMED,tree,0.011579636484384537
TM_SQDIFF_NORMED,tree,0.09235407412052155
TM_SQDIFF_NORMED,tree,0.09908976405858994
TM_SQDIFF_NORMED,tree,0.09899300336837769
TM_SQDIFF_NORMED,tree,0.24402134120464325
TM_SQDIFF_NORMED,tree,0.8815295696258545
TM_SQDIFF_NORMED,tree,0.09782475233078003
TM_SQDIFF_NORMED,tree,0.09782475233078003
TM_SQDIFF_NORMED,tree,0.05451032146811485
TM_SQDIFF_NORMED,tree,0.6015664339065552
TM_SQDIFF_NORMED,tree,0.005755913443863392
TM_SQDIFF_NORMED,tree,0.530960202217102
TM_SQDIFF_NORMED,tree,0.09235407412052155
TM_SQDIFF_NORMED,tree,0.23689678311347961
TM_SQDIFF_NORMED,tree,1.3316697788923193e-07
TM_SQDIFF_NORMED,tree,0.5552907586097717
TM_SQDIFF_NORMED,tree,0.11583249270915985
TM_SQDIFF_NORMED,tree,0.530960202217102
TM_SQDIFF_NORMED,tree,0.09240207821130753
TM_SQDIFF_NORMED,tree,0.8815295696258545
TM_SQDIFF_NORMED,tree,0.11611384153366089
TM_SQDIFF_NORMED,tree,0.6015664339065552
TM_SQDIFF_NORMED,tree,0.05451032146811485
TM_SQDIFF_NORMED,tree,0.005755913443863392
TM_SQDIFF_NORMED,tree,0.24402134120464325
TM_SQDIFF_NORMED,tree,0.24402134120464325
TM_SQDIFF_NORMED,tree,0.11611384153366089
TM_SQDIFF_NORMED,tree,0.16459782421588898
TM_SQDIFF_NORMED,tree,0.16459782421588898
TM_SQDIFF_NORMED,tree,0.11611384153366089
TM_SQDIFF_NORMED,tree,0.6015664339065552
TM_SQDIFF_NORMED,tree,0.24402134120464325
TM_CCOEFF_NORMED,hut,0.3537607789039612
TM_CCOEFF_NORMED,hut,0.6539955735206604
TM_CCOEFF_NORMED,hut,0.8909339308738708
TM_CCOEFF_NORMED,hut,0.902207612991333
TM_CCOEFF_NORMED,hut,0.8237606287002563
TM_CCOEFF_NORMED,hut,0.9136700630187988
TM_CCOEFF_NORMED,hut,0.8944964408874512
TM_CCOEFF_NORMED,hut,0.3531561493873596
TM_CCOEFF_NORMED,hut,0.601184070110321
TM_CCOEFF_NORMED,hut,0.8960025310516357
TM_CCOEFF_NORMED,hut,0.8914568424224854
TM_CCOEFF_NORMED,hut,0.890956699848175
TM_CCOEFF_NORMED,hut,0.8450173735618591
TM_CCOEFF_NORMED,hut,0.9078547358512878
TM_CCOEFF_NORMED,hut,0.7956086993217468
TM_CCOEFF_NORMED,hut,0.8237606287002563
TM_CCOEFF_NORMED,hut,0.913151741027832
TM_CCOEFF_NORMED,hut,0.9055739045143127
TM_CCOEFF_NORMED,hut,0.3531561493873596
TM_CCOEFF_NORMED,hut,0.8957337737083435
TM_CCOEFF_NORMED,hut,0.2866361141204834
TM_CCOEFF_NORMED,hut,0.6969239711761475
TM_CCOEFF_NORMED,hut,0.9057624340057373
TM_CCORR_NORMED,hut,0.9326149225234985
TM_CCORR_NORMED,hut,0.9622635245323181
TM_CCORR_NORMED,hut,0.988182783126831
TM_CCORR_NORMED,hut,0.9893907904624939
TM_CCORR_NORMED,hut,0.9798176884651184
TM_CCORR_NORMED,hut,0.9906103014945984
TM_CCORR_NORMED,hut,0.9885773062705994
TM_CCORR_NORMED,hut,0.9325478672981262
TM_CCORR_NORMED,hut,0.9617224335670471
TM_CCORR_NORMED,hut,0.9887414574623108
TM_CCORR_NORMED,hut,0.9882426261901855
TM_CCORR_NORMED,hut,0.9881858229637146
TM_CCORR_NORMED,hut,0.9829015731811523
TM_CCORR_NORMED,hut,0.9899925589561462
TM_CCORR_NORMED,hut,0.9770101308822632
TM_CCORR_NORMED,hut,0.9798176884651184
TM_CCORR_NORMED,hut,0.990556001663208
TM_CCORR_NORMED,hut,0.9897531867027283
TM_CCORR_NORMED,hut,0.9325478672981262
TM_CCORR_NORMED,hut,0.9887309670448303
TM_CCORR_NORMED,hut,0.8465666770935059
TM_CCORR_NORMED,hut,0.9662199020385742
TM_CCORR_NORMED,hut,0.9897729158401489
TM_SQDIFF_NORMED,hut,0.14949633181095123
TM_SQDIFF_NORMED,hut,0.07676952332258224
TM_SQDIFF_NORMED,hut,0.02363531105220318
TM_SQDIFF_NORMED,hut,0.021223368123173714
TM_SQDIFF_NORMED,hut,0.040367841720581055
TM_SQDIFF_NORMED,hut,0.018779505044221878
TM_SQDIFF_NORMED,hut,0.022921808063983917
TM_SQDIFF_NORMED,hut,0.1495462954044342
TM_SQDIFF_NORMED,hut,0.0790637731552124
TM_SQDIFF_NORMED,hut,0.02251824364066124
TM_SQDIFF_NORMED,hut,0.023514803498983383
TM_SQDIFF_NORMED,hut,0.02362905442714691
TM_SQDIFF_NORMED,hut,0.03419825807213783
TM_SQDIFF_NORMED,hut,0.020016614347696304
TM_SQDIFF_NORMED,hut,0.04598641395568848
TM_SQDIFF_NORMED,hut,0.040367841720581055
TM_SQDIFF_NORMED,hut,0.018888302147388458
TM_SQDIFF_NORMED,hut,0.02049749158322811
TM_SQDIFF_NORMED,hut,0.1495462954044342
TM_SQDIFF_NORMED,hut,0.022543681785464287
TM_SQDIFF_NORMED,hut,0.43827420473098755
TM_SQDIFF_NORMED,hut,0.06895320862531662
TM_SQDIFF_NORMED,hut,0.020456897094845772
TM_CCOEFF_NORMED,house,0.7497198581695557
TM_CCOEFF_NORMED,house,0.9177124500274658
TM_CCOEFF_NORMED,house,0.9836304187774658
TM_CCOEFF_NORMED,house,0.914203941822052
TM_CCOEFF_NORMED,house,0.7497198581695557
TM_CCOEFF_NORMED,house,0.9177124500274658
TM_CCOEFF_NORMED,house,0.9569731950759888
TM_CCOEFF_NORMED,house,0.9570061564445496
TM_CCOEFF_NORMED,house,0.9798330068588257
TM_CCOEFF_NORMED,house,0.9785183072090149
TM_CCOEFF_NORMED,house,0.9570061564445496
TM_CCOEFF_NORMED,house,0.914203941822052
TM_CCORR_NORMED,house,0.9368011951446533
TM_CCORR_NORMED,house,0.9799212217330933
TM_CCORR_NORMED,house,0.995917022228241
TM_CCORR_NORMED,house,0.9787347316741943
TM_CCORR_NORMED,house,0.9368011951446533
TM_CCORR_NORMED,house,0.9799212217330933
TM_CCORR_NORMED,house,0.9893888235092163
TM_CCORR_NORMED,house,0.9893968105316162
TM_CCORR_NORMED,house,0.9949921369552612
TM_CCORR_NORMED,house,0.9946627616882324
TM_CCORR_NORMED,house,0.9893968105316162
TM_CCORR_NORMED,house,0.9787347316741943
TM_SQDIFF_NORMED,house,0.12646061182022095
TM_SQDIFF_NORMED,house,0.04090544953942299
TM_SQDIFF_NORMED,house,0.008218321949243546
TM_SQDIFF_NORMED,house,0.042659975588321686
TM_SQDIFF_NORMED,house,0.12646061182022095
TM_SQDIFF_NORMED,house,0.04090544953942299
TM_SQDIFF_NORMED,house,0.021252429112792015
TM_SQDIFF_NORMED,house,0.021236112341284752
TM_SQDIFF_NORMED,house,0.01006179116666317
TM_SQDIFF_NORMED,house,0.010773073881864548
TM_SQDIFF_NORMED,house,0.021236112341284752
TM_SQDIFF_NORMED,house,0.042659975588321686
TM_CCOEFF_NORMED,mansion,0.9996113181114197
TM_CCOEFF_NORMED,mansion,0.9996547102928162
TM_CCOEFF_NORMED,mansion,0.9999822378158569
TM_CCORR_NORMED,mansion,0.9999026656150818
TM_CCORR_NORMED,mansion,0.9999135732650757
TM_CCORR_NORMED,mansion,0.9999955296516418
TM_SQDIFF_NORMED,mansion,0.00019534252351149917
TM_SQDIFF_NORMED,mansion,0.00017316604498773813
TM_SQDIFF_NORMED,mansion,8.889229320629966e-06
TM_CCOEFF_NORMED,ninjaBear,0.652830958366394
TM_CCOEFF_NORMED,ninjaBear,0.9521644115447998
TM_CCOEFF_NORMED,ninjaBear,0.6157431602478027
TM_CCOEFF_NORMED,ninjaBear,0.7875605225563049
TM_CCOEFF_NORMED,ninjaBear,0.8472244739532471
TM_CCOEFF_NORMED,ninjaBear,0.6814963221549988
TM_CCOEFF_NORMED,ninjaBear,0.6655643582344055
TM_CCOEFF_NORMED,ninjaBear,0.7258642315864563
TM_CCOEFF_NORMED,ninjaBear,0.6814963221549988
TM_CCOEFF_NORMED,ninjaBear,1.0
TM_CCOEFF_NORMED,ninjaBear,0.2458074688911438
TM_CCOEFF_NORMED,ninjaBear,0.652830958366394
TM_CCOEFF_NORMED,ninjaBear,0.9521644115447998
TM_CCOEFF_NORMED,ninjaBear,0.21758799254894257
TM_CCOEFF_NORMED,ninjaBear,0.7875605225563049
TM_CCOEFF_NORMED,ninjaBear,0.8472244739532471
TM_CCOEFF_NORMED,ninjaBear,0.7316811084747314
TM_CCOEFF_NORMED,ninjaBear,0.6655643582344055
TM_CCOEFF_NORMED,ninjaBear,0.6655643582344055
TM_CCORR_NORMED,ninjaBear,0.9534718990325928
TM_CCORR_NORMED,ninjaBear,0.992908775806427
TM_CCORR_NORMED,ninjaBear,0.94841468334198
TM_CCORR_NORMED,ninjaBear,0.9674273729324341
TM_CCORR_NORMED,ninjaBear,0.9757354855537415
TM_CCORR_NORMED,ninjaBear,0.9515426754951477
TM_CCORR_NORMED,ninjaBear,0.9484161734580994
TM_CCORR_NORMED,ninjaBear,0.9593486189842224
TM_CCORR_NORMED,ninjaBear,0.9515426754951477
TM_CCORR_NORMED,ninjaBear,1.0
TM_CCORR_NORMED,ninjaBear,0.8902651071548462
TM_CCORR_NORMED,ninjaBear,0.9534718990325928
TM_CCORR_NORMED,ninjaBear,0.992908775806427
TM_CCORR_NORMED,ninjaBear,0.8829207420349121
TM_CCORR_NORMED,ninjaBear,0.9674273729324341
TM_CCORR_NORMED,ninjaBear,0.9757354855537415
TM_CCORR_NORMED,ninjaBear,0.9603482484817505
TM_CCORR_NORMED,ninjaBear,0.9484161734580994
TM_CCORR_NORMED,ninjaBear,0.9484161734580994
TM_SQDIFF_NORMED,ninjaBear,0.09545054286718369
TM_SQDIFF_NORMED,ninjaBear,0.014187510125339031
TM_SQDIFF_NORMED,ninjaBear,0.10428375750780106
TM_SQDIFF_NORMED,ninjaBear,0.06516470015048981
TM_SQDIFF_NORMED,ninjaBear,0.04896230250597
TM_SQDIFF_NORMED,ninjaBear,0.0969221219420433
TM_SQDIFF_NORMED,ninjaBear,0.1031881719827652
TM_SQDIFF_NORMED,ninjaBear,0.0813487097620964
TM_SQDIFF_NORMED,ninjaBear,0.0969221219420433
TM_SQDIFF_NORMED,ninjaBear,0.0
TM_SQDIFF_NORMED,ninjaBear,0.21947689354419708
TM_SQDIFF_NORMED,ninjaBear,0.09545054286718369
TM_SQDIFF_NORMED,ninjaBear,0.014187510125339031
TM_SQDIFF_NORMED,ninjaBear,0.23426394164562225
TM_SQDIFF_NORMED,ninjaBear,0.06516470015048981
TM_SQDIFF_NORMED,ninjaBear,0.04896230250597
TM_SQDIFF_NORMED,ninjaBear,0.07982970774173737
TM_SQDIFF_NORMED,ninjaBear,0.1031881719827652
TM_SQDIFF_NORMED,ninjaBear,0.1031881719827652
TM_CCOEFF_NORMED,bear,0.8422444462776184
TM_CCOEFF_NORMED,bear,0.781640350818634
TM_CCOEFF_NORMED,bear,0.8230381608009338
TM_CCOEFF_NORMED,bear,0.8869214057922363
TM_CCOEFF_NORMED,bear,0.7841259241104126
TM_CCOEFF_NORMED,bear,0.8187580108642578
TM_CCOEFF_NORMED,bear,0.8526319265365601
TM_CCOEFF_NORMED,bear,0.8730292320251465
TM_CCOEFF_NORMED,bear,0.8869214057922363
TM_CCOEFF_NORMED,bear,0.8564401268959045
TM_CCOEFF_NORMED,bear,0.8230381608009338
TM_CCORR_NORMED,bear,0.9783400893211365
TM_CCORR_NORMED,bear,0.9692251086235046
TM_CCORR_NORMED,bear,0.9785515666007996
TM_CCORR_NORMED,bear,0.9849414825439453
TM_CCORR_NORMED,bear,0.9719603657722473
TM_CCORR_NORMED,bear,0.9789564609527588
TM_CCORR_NORMED,bear,0.9830176830291748
TM_CCORR_NORMED,bear,0.9844979047775269
TM_CCORR_NORMED,bear,0.9849414825439453
TM_CCORR_NORMED,bear,0.9822346568107605
TM_CCORR_NORMED,bear,0.9785515666007996
TM_SQDIFF_NORMED,bear,0.07752631604671478
TM_SQDIFF_NORMED,bear,0.09993864595890045
TM_SQDIFF_NORMED,bear,0.043093543499708176
TM_SQDIFF_NORMED,bear,0.06278770416975021
TM_SQDIFF_NORMED,bear,0.08972935378551483
TM_SQDIFF_NORMED,bear,0.042111873626708984
TM_SQDIFF_NORMED,bear,0.03479824215173721
TM_SQDIFF_NORMED,bear,0.07622959464788437
TM_SQDIFF_NORMED,bear,0.06278770416975021
TM_SQDIFF_NORMED,bear,0.08217506110668182
TM_SQDIFF_NORMED,bear,0.043093543499708176
TM_CCOEFF_NORMED,treasure,0.6948937177658081
TM_CCOEFF_NORMED,treasure,0.996603786945343
TM_CCOEFF_NORMED,treasure,0.22594135999679565
TM_CCORR_NORMED,treasure,0.9772060513496399
TM_CCORR_NORMED,treasure,0.9997842311859131
TM_CCORR_NORMED,treasure,0.8737714886665344
TM_SQDIFF_NORMED,treasure,0.045966774225234985
TM_SQDIFF_NORMED,treasure,0.00043150692363269627
TM_SQDIFF_NORMED,treasure,0.3312438428401947
TM_CCOEFF_NORMED,bigTreasure,0.9988407492637634
TM_CCORR_NORMED,bigTreasure,0.9998175501823425
TM_SQDIFF_NORMED,bigTreasure,0.00036801586975343525
TM_CCOEFF_NORMED,bot,0.030775869265198708
TM_CCORR_NORMED,bot,0.8129135370254517
TM_SQDIFF_NORMED,bot,0.5354605913162231
TM_CCOEFF_NORMED,rock,0.5241353511810303
TM_CCOEFF_NORMED,rock,0.5280547142028809
TM_CCOEFF_NORMED,rock,-0.09275364875793457
TM_CCOEFF_NORMED,rock,-0.09161961823701859
TM_CCOEFF_NORMED,rock,0.5328657627105713
TM_CCOEFF_NORMED,rock,0.5328657627105713
TM_CCORR_NORMED,rock,0.9706754088401794
TM_CCORR_NORMED,rock,0.9708898067474365
TM_CCORR_NORMED,rock,0.9357660412788391
TM_CCORR_NORMED,rock,0.9359359741210938
TM_CCORR_NORMED,rock,0.9712534546852112
TM_CCORR_NORMED,rock,0.9712534546852112
TM_SQDIFF_NORMED,rock,0.05896741524338722
TM_SQDIFF_NORMED,rock,0.0585801787674427
TM_SQDIFF_NORMED,rock,0.13066750764846802
TM_SQDIFF_NORMED,rock,0.13042141497135162
TM_SQDIFF_NORMED,rock,0.05782338231801987
TM_SQDIFF_NORMED,rock,0.05782338231801987
TM_CCOEFF_NORMED,empty,0.6743608713150024
TM_CCOEFF_NORMED,empty,0.5105059146881104
TM_CCOEFF_NORMED,empty,0.35387298464775085
TM_CCOEFF_NORMED,empty,-0.10245129466056824
TM_CCOEFF_NORMED,empty,0.3146316409111023
TM_CCOEFF_NORMED,empty,0.562463641166687
TM_CCOEFF_NORMED,empty,0.10213082283735275
TM_CCOEFF_NORMED,empty,-0.1605072021484375
TM_CCOEFF_NORMED,empty,0.03557606413960457
TM_CCOEFF_NORMED,empty,-0.15991933643817902
TM_CCOEFF_NORMED,empty,0.39071282744407654
TM_CCOEFF_NORMED,empty,0.1059824675321579
TM_CCOEFF_NORMED,empty,0.407622754573822
TM_CCOEFF_NORMED,empty,0.8631389141082764
TM_CCOEFF_NORMED,empty,0.12184729427099228
TM_CCOEFF_NORMED,empty,0.8264567255973816
TM_CCOEFF_NORMED,empty,0.4473714828491211
TM_CCOEFF_NORMED,empty,0.5547174215316772
TM_CCOEFF_NORMED,empty,0.48795321583747864
TM_CCOEFF_NORMED,empty,0.6073590517044067
TM_CCOEFF_NORMED,empty,-0.0507536455988884
TM_CCOEFF_NORMED,empty,0.4792717397212982
TM_CCOEFF_NORMED,empty,0.28813761472702026
TM_CCOEFF_NORMED,empty,0.2275053709745407
TM_CCOEFF_NORMED,empty,-0.13405287265777588
TM_CCOEFF_NORMED,empty,-0.1897224634885788
TM_CCOEFF_NORMED,empty,0.1934276521205902
TM_CCOEFF_NORMED,empty,0.3094187080860138
TM_CCOEFF_NORMED,empty,0.4082615375518799
TM_CCOEFF_NORMED,empty,0.8182503581047058
TM_CCOEFF_NORMED,empty,0.17867411673069
TM_CCOEFF_NORMED,empty,0.663278341293335
TM_CCOEFF_NORMED,empty,0.44013652205467224
TM_CCOEFF_NORMED,empty,-0.1257961541414261
TM_CCOEFF_NORMED,empty,0.8793855309486389
TM_CCOEFF_NORMED,empty,0.3693816363811493
TM_CCOEFF_NORMED,empty,-0.16660615801811218
TM_CCOEFF_NORMED,empty,0.6139307618141174
TM_CCOEFF_NORMED,empty,0.43871021270751953
TM_CCOEFF_NORMED,empty,0.3126258850097656
TM_CCOEFF_NORMED,empty,0.40169385075569153
TM_CCOEFF_NORMED,empty,0.21367676556110382
TM_CCOEFF_NORMED,empty,-0.094557024538517
TM_CCOEFF_NORMED,empty,0.12239861488342285
TM_CCOEFF_NORMED,empty,0.6997723579406738
TM_CCOEFF_NORMED,empty,-0.13663287460803986
TM_CCOEFF_NORMED,empty,0.1554620862007141
TM_CCOEFF_NORMED,empty,0.8081871271133423
TM_CCOEFF_NORMED,empty,0.38835951685905457
TM_CCOEFF_NORMED,empty,0.19976387917995453
TM_CCOEFF_NORMED,empty,0.3956865072250366
TM_CCOEFF_NORMED,empty,0.16175897419452667
TM_CCOEFF_NORMED,empty,0.2674463987350464
TM_CCOEFF_NORMED,empty,0.6087068319320679
TM_CCOEFF_NORMED,empty,0.15361203253269196
TM_CCOEFF_NORMED,empty,0.41560497879981995
TM_CCOEFF_NORMED,empty,0.12649333477020264
TM_CCOEFF_NORMED,empty,0.19932110607624054
TM_CCOEFF_NORMED,empty,0.3791470527648926
TM_CCOEFF_NORMED,empty,0.6911395192146301
TM_CCOEFF_NORMED,empty,0.48795321583747864
TM_CCOEFF_NORMED,empty,0.48795321583747864
TM_CCOEFF_NORMED,empty,-0.10006630420684814
TM_CCOEFF_NORMED,empty,0.1390877068042755
TM_CCOEFF_NORMED,empty,-0.21360871195793152
TM_CCOEFF_NORMED,empty,0.11405862122774124
TM_CCOEFF_NORMED,empty,0.11405862122774124
TM_CCOEFF_NORMED,empty,0.37288913130760193
TM_CCOEFF_NORMED,empty,0.5629734992980957
TM_CCOEFF_NORMED,empty,0.2963087260723114
TM_CCOEFF_NORMED,empty,0.405917227268219
TM_CCOEFF_NORMED,empty,0.41560497879981995
TM_CCOEFF_NORMED,empty,0.6034244298934937
TM_CCOEFF_NORMED,empty,0.4224116802215576
TM_CCOEFF_NORMED,empty,0.6762185096740723
TM_CCOEFF_NORMED,empty,0.26276975870132446
TM_CCOEFF_NORMED,empty,0.2566966116428375
TM_CCOEFF_NORMED,empty,0.3791470527648926
TM_CCOEFF_NORMED,empty,0.3791470527648926
TM_CCOEFF_NORMED,empty,0.6255070567131042
TM_CCOEFF_NORMED,empty,0.1488092839717865
TM_CCOEFF_NORMED,empty,-0.0283307284116745
TM_CCOEFF_NORMED,empty,0.23666076362133026
TM_CCOEFF_NORMED,empty,0.3802708685398102
TM_CCOEFF_NORMED,empty,-0.007433702237904072
TM_CCOEFF_NORMED,empty,0.5497140288352966
TM_CCOEFF_NORMED,empty,-0.2141239494085312
TM_CCOEFF_NORMED,empty,0.4552585184574127
TM_CCOEFF_NORMED,empty,0.7953320145606995
TM_CCOEFF_NORMED,empty,0.6351483464241028
TM_CCOEFF_NORMED,empty,0.5155339241027832
TM_CCOEFF_NORMED,empty,0.2592240869998932
TM_CCOEFF_NORMED,empty,0.5983546376228333
TM_CCOEFF_NORMED,empty,0.3930796980857849
TM_CCOEFF_NORMED,empty,0.32391899824142456
TM_CCOEFF_NORMED,empty,0.24130010604858398
TM_CCOEFF_NORMED,empty,0.13246263563632965
TM_CCOEFF_NORMED,empty,0.41560497879981995
TM_CCOEFF_NORMED,empty,0.6762185096740723
TM_CCOEFF_NORMED,empty,0.4559272527694702
TM_CCOEFF_NORMED,empty,0.10743512958288193
TM_CCOEFF_NORMED,empty,0.3762865364551544
TM_CCOEFF_NORMED,empty,0.2566966116428375
TM_CCOEFF_NORMED,empty,0.552552342414856
TM_CCOEFF_NORMED,empty,0.16175897419452667
TM_CCOEFF_NORMED,empty,0.4792717397212982
TM_CCOEFF_NORMED,empty,0.23848259449005127
TM_CCOEFF_NORMED,empty,0.09730111062526703
TM_CCOEFF_NORMED,empty,0.351188987493515
TM_CCOEFF_NORMED,empty,0.33390504121780396
TM_CCOEFF_NORMED,empty,0.407622754573822
TM_CCOEFF_NORMED,empty,0.4014981687068939
TM_CCOEFF_NORMED,empty,0.3126258850097656
TM_CCOEFF_NORMED,empty,0.6517394185066223
TM_CCOEFF_NORMED,empty,1.0
TM_CCOEFF_NORMED,empty,0.5547174215316772
TM_CCOEFF_NORMED,empty,0.19742080569267273
TM_CCOEFF_NORMED,empty,0.31806209683418274
TM_CCOEFF_NORMED,empty,0.2794571816921234
TM_CCOEFF_NORMED,empty,0.6743608713150024
TM_CCOEFF_NORMED,empty,0.8631389141082764
TM_CCOEFF_NORMED,empty,0.12184729427099228
TM_CCOEFF_NORMED,empty,0.10213082283735275
TM_CCORR_NORMED,empty,0.9942472577095032
TM_CCORR_NORMED,empty,0.9913153648376465
TM_CCORR_NORMED,empty,0.9859110713005066
TM_CCORR_NORMED,empty,0.9840916395187378
TM_CCORR_NORMED,empty,0.9889379143714905
TM_CCORR_NORMED,empty,0.991953432559967
TM_CCORR_NORMED,empty,0.9832996726036072
TM_CCORR_NORMED,empty,0.9803439974784851
TM_CCORR_NORMED,empty,0.972759485244751
TM_CCORR_NORMED,empty,0.9842280745506287
TM_CCORR_NORMED,empty,0.9890928864479065
TM_CCORR_NORMED,empty,0.9834858179092407
TM_CCORR_NORMED,empty,0.9892386794090271
TM_CCORR_NORMED,empty,0.9976019263267517
TM_CCORR_NORMED,empty,0.9842159152030945
TM_CCORR_NORMED,empty,0.9969726800918579
TM_CCORR_NORMED,empty,0.9907037019729614
TM_CCORR_NORMED,empty,0.9882410168647766
TM_CCORR_NORMED,empty,0.990816056728363
TM_CCORR_NORMED,empty,0.9929389953613281
TM_CCORR_NORMED,empty,0.984865665435791
TM_CCORR_NORMED,empty,0.9882840514183044
TM_CCORR_NORMED,empty,0.9865503907203674
TM_CCORR_NORMED,empty,0.9867909550666809
TM_CCORR_NORMED,empty,0.9812748432159424
TM_CCORR_NORMED,empty,0.9807375073432922
TM_CCORR_NORMED,empty,0.9862732291221619
TM_CCORR_NORMED,empty,0.9834970831871033
TM_CCORR_NORMED,empty,0.9902250170707703
TM_CCORR_NORMED,empty,0.9969288110733032
TM_CCORR_NORMED,empty,0.9906964898109436
TM_CCORR_NORMED,empty,0.9939308166503906
TM_CCORR_NORMED,empty,0.989839494228363
TM_CCORR_NORMED,empty,0.9801467061042786
TM_CCORR_NORMED,empty,0.9979768395423889
TM_CCORR_NORMED,empty,0.9886519908905029
TM_CCORR_NORMED,empty,0.9784514307975769
TM_CCORR_NORMED,empty,0.9930134415626526
TM_CCORR_NORMED,empty,0.981121838092804
TM_CCORR_NORMED,empty,0.9769062995910645
TM_CCORR_NORMED,empty,0.989976167678833
TM_CCORR_NORMED,empty,0.986754834651947
TM_CCORR_NORMED,empty,0.9848731160163879
TM_CCORR_NORMED,empty,0.9671024084091187
TM_CCORR_NORMED,empty,0.990990400314331
TM_CCORR_NORMED,empty,0.9770541191101074
TM_CCORR_NORMED,empty,0.9835047721862793
TM_CCORR_NORMED,empty,0.9967526197433472
TM_CCORR_NORMED,empty,0.989877462387085
TM_CCORR_NORMED,empty,0.9858434796333313
TM_CCORR_NORMED,empty,0.9845503568649292
TM_CCORR_NORMED,empty,0.9814335107803345
TM_CCORR_NORMED,empty,0.9847349524497986
TM_CCORR_NORMED,empty,0.9930175542831421
TM_CCORR_NORMED,empty,0.9849025011062622
TM_CCORR_NORMED,empty,0.9903414249420166
TM_CCORR_NORMED,empty,0.9840720295906067
TM_CCORR_NORMED,empty,0.9858448505401611
TM_CCORR_NORMED,empty,0.9896137714385986
TM_CCORR_NORMED,empty,0.9944445490837097
TM_CCORR_NORMED,empty,0.990816056728363
TM_CCORR_NORMED,empty,0.990816056728363
TM_CCORR_NORMED,empty,0.9843276739120483
TM_CCORR_NORMED,empty,0.9844154119491577
TM_CCORR_NORMED,empty,0.9798204302787781
TM_CCORR_NORMED,empty,0.9843707084655762
TM_CCORR_NORMED,empty,0.9843707084655762
TM_CCORR_NORMED,empty,0.9849331974983215
TM_CCORR_NORMED,empty,0.9937795996665955
TM_CCORR_NORMED,empty,0.9883323907852173
TM_CCORR_NORMED,empty,0.9890908598899841
TM_CCORR_NORMED,empty,0.9903414249420166
TM_CCORR_NORMED,empty,0.9852612018585205
TM_CCORR_NORMED,empty,0.9799556136131287
TM_CCORR_NORMED,empty,0.9941728115081787
TM_CCORR_NORMED,empty,0.9853665232658386
TM_CCORR_NORMED,empty,0.9873591661453247
TM_CCORR_NORMED,empty,0.9896137714385986
TM_CCORR_NORMED,empty,0.9896137714385986
TM_CCORR_NORMED,empty,0.9904499650001526
TM_CCORR_NORMED,empty,0.9846746921539307
TM_CCORR_NORMED,empty,0.9856329560279846
TM_CCORR_NORMED,empty,0.9871871471405029
TM_CCORR_NORMED,empty,0.9849133491516113
TM_CCORR_NORMED,empty,0.9863135814666748
TM_CCORR_NORMED,empty,0.9929094910621643
TM_CCORR_NORMED,empty,0.9796464443206787
TM_CCORR_NORMED,empty,0.9881550669670105
TM_CCORR_NORMED,empty,0.9965378046035767
TM_CCORR_NORMED,empty,0.9916184544563293
TM_CCORR_NORMED,empty,0.985355794429779
TM_CCORR_NORMED,empty,0.9800363779067993
TM_CCORR_NORMED,empty,0.9902635216712952
TM_CCORR_NORMED,empty,0.9851589202880859
TM_CCORR_NORMED,empty,0.9890835285186768
TM_CCORR_NORMED,empty,0.9872918725013733
TM_CCORR_NORMED,empty,0.9839698672294617
TM_CCORR_NORMED,empty,0.9903414249420166
TM_CCORR_NORMED,empty,0.9941728115081787
TM_CCORR_NORMED,empty,0.9886034727096558
TM_CCORR_NORMED,empty,0.9827377200126648
TM_CCORR_NORMED,empty,0.9894985556602478
TM_CCORR_NORMED,empty,0.9873591661453247
TM_CCORR_NORMED,empty,0.9930261969566345
TM_CCORR_NORMED,empty,0.9814335107803345
TM_CCORR_NORMED,empty,0.9882840514183044
TM_CCORR_NORMED,empty,0.9827699065208435
TM_CCORR_NORMED,empty,0.9835457801818848
TM_CCORR_NORMED,empty,0.9757331609725952
TM_CCORR_NORMED,empty,0.988941490650177
TM_CCORR_NORMED,empty,0.9892386794090271
TM_CCORR_NORMED,empty,0.9901326298713684
TM_CCORR_NORMED,empty,0.9769062995910645
TM_CCORR_NORMED,empty,0.9908822178840637
TM_CCORR_NORMED,empty,1.0
TM_CCORR_NORMED,empty,0.9882410168647766
TM_CCORR_NORMED,empty,0.9855986833572388
TM_CCORR_NORMED,empty,0.9874452948570251
TM_CCORR_NORMED,empty,0.9875503778457642
TM_CCORR_NORMED,empty,0.9942472577095032
TM_CCORR_NORMED,empty,0.9976019263267517
TM_CCORR_NORMED,empty,0.9842159152030945
TM_CCORR_NORMED,empty,0.9832996726036072
TM_SQDIFF_NORMED,empty,0.012404272332787514
TM_SQDIFF_NORMED,empty,0.017897028475999832
TM_SQDIFF_NORMED,empty,0.028432266786694527
TM_SQDIFF_NORMED,empty,0.03320150077342987
TM_SQDIFF_NORMED,empty,0.022319037467241287
TM_SQDIFF_NORMED,empty,0.017128216102719307
TM_SQDIFF_NORMED,empty,0.034203726798295975
TM_SQDIFF_NORMED,empty,0.039327021688222885
TM_SQDIFF_NORMED,empty,0.056043848395347595
TM_SQDIFF_NORMED,empty,0.03382161632180214
TM_SQDIFF_NORMED,empty,0.027594873681664467
TM_SQDIFF_NORMED,empty,0.03417667746543884
TM_SQDIFF_NORMED,empty,0.02745218575000763
TM_SQDIFF_NORMED,empty,0.004803135991096497
TM_SQDIFF_NORMED,empty,0.032530274242162704
TM_SQDIFF_NORMED,empty,0.006102806888520718
TM_SQDIFF_NORMED,empty,0.018609823659062386
TM_SQDIFF_NORMED,empty,0.02461523376405239
TM_SQDIFF_NORMED,empty,0.019681416451931
TM_SQDIFF_NORMED,empty,0.015415801666676998
TM_SQDIFF_NORMED,empty,0.031291939318180084
TM_SQDIFF_NORMED,empty,0.030181724578142166
TM_SQDIFF_NORMED,empty,0.026921579614281654
TM_SQDIFF_NORMED,empty,0.026490142568945885
TM_SQDIFF_NORMED,empty,0.03750041499733925
TM_SQDIFF_NORMED,empty,0.038691792637109756
TM_SQDIFF_NORMED,empty,0.027455132454633713
TM_SQDIFF_NORMED,empty,0.03354480490088463
TM_SQDIFF_NORMED,empty,0.019647330045700073
TM_SQDIFF_NORMED,empty,0.006142767146229744
TM_SQDIFF_NORMED,empty,0.024858973920345306
TM_SQDIFF_NORMED,empty,0.012846307829022408
TM_SQDIFF_NORMED,empty,0.02624918892979622
TM_SQDIFF_NORMED,empty,0.0397539958357811
TM_SQDIFF_NORMED,empty,0.004054578952491283
TM_SQDIFF_NORMED,empty,0.022711683064699173
TM_SQDIFF_NORMED,empty,0.0431334562599659
TM_SQDIFF_NORMED,empty,0.015771349892020226
TM_SQDIFF_NORMED,empty,0.038226284086704254
TM_SQDIFF_NORMED,empty,0.05086385831236839
TM_SQDIFF_NORMED,empty,0.02004830911755562
TM_SQDIFF_NORMED,empty,0.026592187583446503
TM_SQDIFF_NORMED,empty,0.03232230991125107
TM_SQDIFF_NORMED,empty,0.06849448382854462
TM_SQDIFF_NORMED,empty,0.018020199611783028
TM_SQDIFF_NORMED,empty,0.04591544717550278
TM_SQDIFF_NORMED,empty,0.03494636341929436
TM_SQDIFF_NORMED,empty,0.006495159585028887
TM_SQDIFF_NORMED,empty,0.020345041528344154
TM_SQDIFF_NORMED,empty,0.029363324865698814
TM_SQDIFF_NORMED,empty,0.03521764650940895
TM_SQDIFF_NORMED,empty,0.03824501857161522
TM_SQDIFF_NORMED,empty,0.030538493767380714
TM_SQDIFF_NORMED,empty,0.015022732317447662
TM_SQDIFF_NORMED,empty,0.030693642795085907
TM_SQDIFF_NORMED,empty,0.019404832273721695
TM_SQDIFF_NORMED,empty,0.03279011324048042
TM_SQDIFF_NORMED,empty,0.02935624308884144
TM_SQDIFF_NORMED,empty,0.020787185057997704
TM_SQDIFF_NORMED,empty,0.01224213745445013
TM_SQDIFF_NORMED,empty,0.019681416451931
TM_SQDIFF_NORMED,empty,0.019681416451931
TM_SQDIFF_NORMED,empty,0.032683152705430984
TM_SQDIFF_NORMED,empty,0.03264191374182701
TM_SQDIFF_NORMED,empty,0.04039369896054268
TM_SQDIFF_NORMED,empty,0.03216229006648064
TM_SQDIFF_NORMED,empty,0.03216229006648064
TM_SQDIFF_NORMED,empty,0.030287299305200577
TM_SQDIFF_NORMED,empty,0.01438510324805975
TM_SQDIFF_NORMED,empty,0.023383188992738724
TM_SQDIFF_NORMED,empty,0.028408870100975037
TM_SQDIFF_NORMED,empty,0.019404832273721695
TM_SQDIFF_NORMED,empty,0.03530873358249664
TM_SQDIFF_NORMED,empty,0.04188564047217369
TM_SQDIFF_NORMED,empty,0.01273167785257101
TM_SQDIFF_NORMED,empty,0.02928852289915085
TM_SQDIFF_NORMED,empty,0.025286713615059853
TM_SQDIFF_NORMED,empty,0.020787185057997704
TM_SQDIFF_NORMED,empty,0.020787185057997704
TM_SQDIFF_NORMED,empty,0.02196241170167923
TM_SQDIFF_NORMED,empty,0.030672946944832802
TM_SQDIFF_NORMED,empty,0.030505076050758362
TM_SQDIFF_NORMED,empty,0.02564115822315216
TM_SQDIFF_NORMED,empty,0.030731379985809326
TM_SQDIFF_NORMED,empty,0.02946907840669155
TM_SQDIFF_NORMED,empty,0.01566889137029648
TM_SQDIFF_NORMED,empty,0.04075827822089195
TM_SQDIFF_NORMED,empty,0.028484433889389038
TM_SQDIFF_NORMED,empty,0.006926765665411949
TM_SQDIFF_NORMED,empty,0.018239296972751617
TM_SQDIFF_NORMED,empty,0.030196689069271088
TM_SQDIFF_NORMED,empty,0.039977092295885086
TM_SQDIFF_NORMED,empty,0.01948000304400921
TM_SQDIFF_NORMED,empty,0.031165173277258873
TM_SQDIFF_NORMED,empty,0.02208550088107586
TM_SQDIFF_NORMED,empty,0.025446312502026558
TM_SQDIFF_NORMED,empty,0.033698733896017075
TM_SQDIFF_NORMED,empty,0.019404832273721695
TM_SQDIFF_NORMED,empty,0.01273167785257101
TM_SQDIFF_NORMED,empty,0.024360159412026405
TM_SQDIFF_NORMED,empty,0.035486459732055664
TM_SQDIFF_NORMED,empty,0.02101445011794567
TM_SQDIFF_NORMED,empty,0.025286713615059853
TM_SQDIFF_NORMED,empty,0.015018537640571594
TM_SQDIFF_NORMED,empty,0.03824501857161522
TM_SQDIFF_NORMED,empty,0.030181724578142166
TM_SQDIFF_NORMED,empty,0.03597545623779297
TM_SQDIFF_NORMED,empty,0.03407090902328491
TM_SQDIFF_NORMED,empty,0.04867248237133026
TM_SQDIFF_NORMED,empty,0.022154558449983597
TM_SQDIFF_NORMED,empty,0.02745218575000763
TM_SQDIFF_NORMED,empty,0.0198107548058033
TM_SQDIFF_NORMED,empty,0.05086385831236839
TM_SQDIFF_NORMED,empty,0.02075650915503502
TM_SQDIFF_NORMED,empty,0.0
TM_SQDIFF_NORMED,empty,0.02461523376405239
TM_SQDIFF_NORMED,empty,0.030129490420222282
TM_SQDIFF_NORMED,empty,0.02511877380311489
TM_SQDIFF_NORMED,empty,0.024900341406464577
TM_SQDIFF_NORMED,empty,0.012404272332787514
TM_SQDIFF_NORMED,empty,0.004803135991096497
TM_SQDIFF_NORMED,empty,0.032530274242162704
TM_SQDIFF_NORMED,empty,0.034203726798295975
