method,item,compareItem,score,compareResult
TM_CCOEFF_NORMED,empty2,empty,68.2837142944336,pass
TM_CCOEFF_NORMED,empty3,empty,69.88603210449219,pass
TM_CCOEFF_NORMED,empty4,empty,69.13494873046875,pass
TM_CCOEFF_NORMED,empty5,empty,44.63261032104492,pass
TM_CCOEFF_NORMED,empty6,empty,71.44466400146484,pass
TM_CCOEFF_NORMED,empty7,empty,64.40604400634766,pass
TM_CCOEFF_NORMED,empty8,empty,47.58876419067383,pass
TM_CCOEFF_NORMED,empty9,empty,48.627601623535156,pass
TM_CCOEFF_NORMED,empty10,empty,48.34005355834961,pass
TM_CCOEFF_NORMED,empty11,empty,44.58039855957031,pass
TM_CCOEFF_NORMED,empty12,empty,67.11323547363281,pass
TM_CCOEFF_NORMED,empty13,empty,49.14565658569336,pass
TM_CCOEFF_NORMED,empty14,empty,66.72109985351562,pass
TM_CCOEFF_NORMED,empty15,empty,66.29094696044922,pass
TM_CCOEFF_NORMED,empty16,empty,49.49951934814453,pass
TM_CCOEFF_NORMED,empty17,empty,66.20648193359375,pass
TM_CCOEFF_NORMED,empty18,empty,68.58268737792969,pass
TM_CCOEFF_NORMED,empty19,empty,62.91887664794922,pass
TM_CCOEFF_NORMED,empty20,empty,62.655494689941406,pass
TM_CCOEFF_NORMED,empty21,empty,66.96965026855469,pass
TM_CCOEFF_NORMED,empty22,empty,45.49362564086914,pass
TM_CCOEFF_NORMED,empty23,empty,70.80591583251953,pass
TM_CCOEFF_NORMED,empty24,empty,64.83441925048828,pass
TM_CCOEFF_NORMED,empty25,empty,62.2286491394043,pass
TM_CCOEFF_NORMED,empty26,empty,50.04498291015625,pass
TM_CCOEFF_NORMED,empty27,empty,50.22272491455078,pass
TM_CCOEFF_NORMED,empty28,empty,45.34452819824219,pass
TM_CCOEFF_NORMED,empty29,empty,51.15848922729492,pass
TM_CCOEFF_NORMED,empty30,empty,52.35959243774414,pass
TM_CCOEFF_NORMED,empty31,empty,69.04100036621094,pass
TM_CCOEFF_NORMED,empty32,empty,49.55451202392578,pass
TM_CCOEFF_NORMED,empty33,empty,69.10407257080078,pass
TM_CCOEFF_NORMED,empty34,empty,67.85366821289062,pass
TM_CCOEFF_NORMED,empty35,empty,48.318721771240234,pass
TM_CCOEFF_NORMED,empty36,empty,68.4459457397461,pass
TM_CCOEFF_NORMED,empty37,empty,67.63480377197266,pass
TM_CCOEFF_NORMED,empty38,empty,49.29476547241211,pass
TM_CCOEFF_NORMED,empty39,empty,65.46881103515625,pass
TM_CCOEFF_NORMED,empty40,empty,72.27617645263672,pass
TM_CCOEFF_NORMED,empty41,empty,70.84647369384766,pass
TM_CCOEFF_NORMED,empty42,empty,54.47282028198242,pass
TM_CCOEFF_NORMED,empty43,empty,46.55070877075195,pass
TM_CCOEFF_NORMED,empty44,empty,46.166141510009766,pass
TM_CCOEFF_NORMED,empty45,empty,65.89324188232422,pass
TM_CCOEFF_NORMED,empty46,empty,67.0615463256836,pass
TM_CCOEFF_NORMED,empty47,empty,50.572998046875,pass
TM_CCOEFF_NORMED,empty48,empty,51.8852653503418,pass
TM_CCOEFF_NORMED,empty49,empty,67.0960464477539,pass
TM_CCOEFF_NORMED,empty50,empty,71.67240142822266,pass
TM_CCOEFF_NORMED,empty51,empty,67.336669921875,pass
TM_CCOEFF_NORMED,empty52,empty,63.855804443359375,pass
TM_CCOEFF_NORMED,empty53,empty,66.127685546875,pass
TM_CCOEFF_NORMED,empty54,empty,63.27755355834961,pass
TM_CCOEFF_NORMED,empty55,empty,64.07072448730469,pass
TM_CCOEFF_NORMED,empty56,empty,67.26661682128906,pass
TM_CCOEFF_NORMED,empty57,empty,53.391693115234375,pass
TM_CCOEFF_NORMED,empty58,empty,66.30585479736328,pass
TM_CCOEFF_NORMED,empty59,empty,67.35922241210938,pass
TM_CCOEFF_NORMED,empty60,empty,71.0107421875,pass
TM_CCOEFF_NORMED,empty61,empty,68.4311752319336,pass
TM_CCOEFF_NORMED,empty62,empty,62.655494689941406,pass
TM_CCOEFF_NORMED,empty63,empty,62.655494689941406,pass
TM_CCOEFF_NORMED,empty64,empty,45.055572509765625,pass
TM_CCOEFF_NORMED,empty65,empty,67.42118835449219,pass
TM_CCOEFF_NORMED,empty66,empty,49.640071868896484,pass
TM_CCOEFF_NORMED,empty67,empty,48.936798095703125,pass
TM_CCOEFF_NORMED,empty68,empty,48.936798095703125,pass
TM_CCOEFF_NORMED,empty69,empty,51.987003326416016,pass
TM_CCOEFF_NORMED,empty70,empty,48.32050323486328,pass
TM_CCOEFF_NORMED,empty71,empty,71.62005615234375,pass
TM_CCOEFF_NORMED,empty72,empty,67.73780822753906,pass
TM_CCOEFF_NORMED,empty73,empty,53.391693115234375,pass
TM_CCOEFF_NORMED,empty74,empty,70.66407012939453,pass
TM_CCOEFF_NORMED,empty75,empty,69.96349334716797,pass
TM_CCOEFF_NORMED,empty76,empty,68.9892578125,pass
TM_CCOEFF_NORMED,empty77,empty,48.00351333618164,pass
TM_CCOEFF_NORMED,empty78,empty,48.05672073364258,pass
TM_CCOEFF_NORMED,empty79,empty,71.0107421875,pass
TM_CCOEFF_NORMED,empty80,empty,71.0107421875,pass
TM_CCOEFF_NORMED,empty81,empty,72.11295318603516,pass
TM_CCOEFF_NORMED,empty82,empty,45.41236877441406,pass
TM_CCOEFF_NORMED,empty83,empty,52.92934036254883,pass
TM_CCOEFF_NORMED,empty84,empty,45.6844596862793,pass
TM_CCOEFF_NORMED,empty85,empty,63.925025939941406,pass
TM_CCOEFF_NORMED,empty86,empty,52.33346176147461,pass
TM_CCOEFF_NORMED,empty87,empty,50.3934211730957,pass
TM_CCOEFF_NORMED,empty88,empty,50.127166748046875,pass
TM_CCOEFF_NORMED,empty89,empty,65.06897735595703,pass
TM_CCOEFF_NORMED,empty90,empty,67.34540557861328,pass
TM_CCOEFF_NORMED,empty91,empty,64.56214904785156,pass
TM_CCOEFF_NORMED,empty92,empty,63.81928253173828,pass
TM_CCOEFF_NORMED,empty93,empty,63.38125991821289,pass
TM_CCOEFF_NORMED,empty94,empty,59.84832000732422,pass
TM_CCOEFF_NORMED,empty95,empty,64.50042724609375,pass
TM_CCOEFF_NORMED,empty96,empty,71.17174530029297,pass
TM_CCOEFF_NORMED,empty97,empty,46.49165344238281,pass
TM_CCOEFF_NORMED,empty98,empty,67.403564453125,pass
TM_CCOEFF_NORMED,empty99,empty,53.391693115234375,pass
TM_CCOEFF_NORMED,empty100,empty,68.9892578125,pass
TM_CCOEFF_NORMED,empty101,empty,62.955081939697266,pass
TM_CCOEFF_NORMED,empty102,empty,52.20618438720703,pass
TM_CCOEFF_NORMED,empty103,empty,66.42060089111328,pass
TM_CCOEFF_NORMED,empty104,empty,48.05672073364258,pass
TM_CCOEFF_NORMED,empty105,empty,70.69752502441406,pass
TM_CCOEFF_NORMED,empty106,empty,66.127685546875,pass
TM_CCOEFF_NORMED,empty107,empty,70.80591583251953,pass
TM_CCOEFF_NORMED,empty108,empty,70.09772491455078,pass
TM_CCOEFF_NORMED,empty109,empty,65.62347412109375,pass
TM_CCOEFF_NORMED,empty110,empty,60.43267059326172,pass
TM_CCOEFF_NORMED,empty111,empty,50.16282272338867,pass
TM_CCOEFF_NORMED,empty112,empty,66.72109985351562,pass
TM_CCOEFF_NORMED,empty113,empty,70.7115707397461,pass
TM_CCOEFF_NORMED,empty114,empty,70.84647369384766,pass
TM_CCOEFF_NORMED,empty115,empty,71.88111877441406,pass
TM_CCOEFF_NORMED,empty116,empty,68.70486450195312,pass
TM_CCOEFF_NORMED,empty117,empty,62.91887664794922,pass
TM_CCOEFF_NORMED,empty118,empty,67.79116821289062,pass
TM_CCOEFF_NORMED,empty119,empty,52.095741271972656,pass
TM_CCOEFF_NORMED,empty120,empty,49.195858001708984,pass
TM_CCOEFF_NORMED,empty121,empty,68.2837142944336,pass
TM_CCOEFF_NORMED,empty122,empty,66.29094696044922,pass
TM_CCOEFF_NORMED,empty123,empty,49.49951934814453,pass
TM_CCOEFF_NORMED,empty124,empty,47.58876419067383,pass
TM_CCOEFF_NORMED,grass2,bush,48.2907829284668,false
TM_CCOEFF_NORMED,grass3,hut,48.38447189331055,false
TM_CCOEFF_NORMED,grass4,grass,66.11546325683594,pass
TM_CCOEFF_NORMED,grass5,grass,69.16635131835938,pass
TM_CCOEFF_NORMED,grass6,grass,74.23361206054688,pass
TM_CCOEFF_NORMED,grass7,grass,55.396728515625,pass
TM_CCOEFF_NORMED,grass8,grass,72.71964263916016,pass
TM_CCOEFF_NORMED,grass9,grass,72.98764038085938,pass
TM_CCOEFF_NORMED,grass10,grass,72.44325256347656,pass
TM_CCOEFF_NORMED,grass11,grass,71.64762878417969,pass
TM_CCOEFF_NORMED,grass12,grass,63.093441009521484,pass
TM_CCOEFF_NORMED,grass13,grass,64.11468505859375,pass
TM_CCOEFF_NORMED,grass14,grass,74.38642120361328,pass
TM_CCOEFF_NORMED,grass15,grass,42.40562438964844,pass
TM_CCOEFF_NORMED,grass16,grass,74.54314422607422,pass
TM_CCOEFF_NORMED,grass17,grass,74.17791748046875,pass
TM_CCOEFF_NORMED,grass18,grass,74.26924896240234,pass
TM_CCOEFF_NORMED,grass19,grass,54.40892028808594,pass
TM_CCOEFF_NORMED,grass20,grass,55.221221923828125,pass
TM_CCOEFF_NORMED,grass21,grass,74.06002044677734,pass
TM_CCOEFF_NORMED,grass22,grass,74.02420043945312,pass
TM_CCOEFF_NORMED,grass23,grass,42.11974334716797,pass
TM_CCOEFF_NORMED,grass24,grass,73.49540710449219,pass
TM_CCOEFF_NORMED,grass25,grass,73.47563934326172,pass
TM_CCOEFF_NORMED,grass26,grass,73.66789245605469,pass
TM_CCOEFF_NORMED,grass27,grass,72.7879867553711,pass
TM_CCOEFF_NORMED,grass28,grass,67.71173858642578,pass
TM_CCOEFF_NORMED,grass29,grass,66.96014404296875,pass
TM_CCOEFF_NORMED,grass30,grass,72.45112609863281,pass
TM_CCOEFF_NORMED,grass31,grass,67.83383178710938,pass
TM_CCOEFF_NORMED,grass32,grass,68.35491943359375,pass
TM_CCOEFF_NORMED,grass33,grass,71.64762878417969,pass
TM_CCOEFF_NORMED,grass34,grass,73.84512329101562,pass
TM_CCOEFF_NORMED,grass35,grass,74.38642120361328,pass
TM_CCOEFF_NORMED,grass36,grass,74.23361206054688,pass
TM_CCOEFF_NORMED,grass37,grass,42.40562438964844,pass
TM_CCOEFF_NORMED,grass38,grass,74.54314422607422,pass
TM_CCOEFF_NORMED,grass39,grass,74.26924896240234,pass
TM_CCOEFF_NORMED,grass40,grass,55.221221923828125,pass
TM_CCOEFF_NORMED,grass41,grass,48.38447189331055,pass
TM_CCOEFF_NORMED,grass42,grass,71.64762878417969,pass
TM_CCOEFF_NORMED,grass43,grass,72.44325256347656,pass
TM_CCOEFF_NORMED,grass44,grass,72.43556213378906,pass
TM_CCOEFF_NORMED,grass45,grass,74.17791748046875,pass
TM_CCOEFF_NORMED,grass46,grass,48.2907829284668,pass
TM_CCOEFF_NORMED,grass47,grass,68.35491943359375,pass
TM_CCOEFF_NORMED,grass48,grass,68.35491943359375,pass
TM_CCOEFF_NORMED,grass49,grass,67.83383178710938,pass
TM_CCOEFF_NORMED,grass50,grass,67.71173858642578,pass
TM_CCOEFF_NORMED,grass51,grass,64.11468505859375,pass
TM_CCOEFF_NORMED,grass52,grass,67.71173858642578,pass
TM_CCOEFF_NORMED,grass53,grass,60.09463119506836,pass
TM_CCOEFF_NORMED,grass54,grass,74.06002044677734,pass
TM_CCOEFF_NORMED,grass55,grass,74.17791748046875,pass
TM_CCOEFF_NORMED,grass56,grass,74.20541381835938,pass
TM_CCOEFF_NORMED,grass57,grass,72.44325256347656,pass
TM_CCOEFF_NORMED,grass58,grass,48.10784149169922,pass
TM_CCOEFF_NORMED,grass59,grass,48.10784149169922,pass
TM_CCOEFF_NORMED,grass60,grass,47.39106369018555,pass
TM_CCOEFF_NORMED,bush2,bush,71.47431945800781,pass
TM_CCOEFF_NORMED,bush3,bush,71.47431945800781,pass
TM_CCOEFF_NORMED,bush4,bush,71.4522705078125,pass
TM_CCOEFF_NORMED,bush5,bush,71.38288116455078,pass
TM_CCOEFF_NORMED,bush6,bush,43.73860168457031,pass
TM_CCOEFF_NORMED,bush7,bush,69.4018783569336,pass
TM_CCOEFF_NORMED,bush8,bush,62.26716613769531,pass
TM_CCOEFF_NORMED,bush9,bush,69.59477996826172,pass
TM_CCOEFF_NORMED,bush10,bush,67.80655670166016,pass
TM_CCOEFF_NORMED,bush11,bush,67.32512664794922,pass
TM_CCOEFF_NORMED,bush12,bush,69.4018783569336,pass
TM_CCOEFF_NORMED,bush13,bush,67.81407165527344,pass
TM_CCOEFF_NORMED,bush14,bush,70.83722686767578,pass
TM_CCOEFF_NORMED,bush15,bush,71.38288116455078,pass
TM_CCOEFF_NORMED,bush16,bush,47.59185028076172,pass
TM_CCOEFF_NORMED,bush17,bush,47.575130462646484,pass
TM_CCOEFF_NORMED,bush18,bush,62.3288459777832,pass
TM_CCOEFF_NORMED,bush19,bush,48.53312683105469,pass
TM_CCOEFF_NORMED,bush20,bush,67.80655670166016,pass
TM_CCOEFF_NORMED,bush21,bush,77.95831298828125,pass
TM_CCOEFF_NORMED,bush22,bush,71.47431945800781,pass
TM_CCOEFF_NORMED,bush23,bush,47.59185028076172,pass
TM_CCOEFF_NORMED,bush24,bush,71.4522705078125,pass
TM_CCOEFF_NORMED,bush25,bush,47.575130462646484,pass
TM_CCOEFF_NORMED,bush26,bush,71.38288116455078,pass
TM_CCOEFF_NORMED,bush27,bush,62.3288459777832,pass
TM_CCOEFF_NORMED,bush28,bush,68.56412506103516,pass
TM_CCOEFF_NORMED,bush29,bush,69.38958740234375,pass
TM_CCOEFF_NORMED,bush30,bush,48.53312683105469,pass
TM_CCOEFF_NORMED,bush31,bush,62.26716613769531,pass
TM_CCOEFF_NORMED,bush32,bush,68.15519714355469,pass
TM_CCOEFF_NORMED,bush33,bush,67.69709777832031,pass
TM_CCOEFF_NORMED,bush34,bush,59.49814987182617,pass
TM_CCOEFF_NORMED,bush35,bush,69.4018783569336,pass
TM_CCOEFF_NORMED,bush36,bush,67.32512664794922,pass
TM_CCOEFF_NORMED,tree2,tree,49.05541229248047,pass
TM_CCOEFF_NORMED,tree3,tree,51.223541259765625,pass
TM_CCOEFF_NORMED,tree4,tree,48.753177642822266,pass
TM_CCOEFF_NORMED,tree5,tree,48.94036102294922,pass
TM_CCOEFF_NORMED,tree6,tree,52.57551574707031,pass
TM_CCOEFF_NORMED,tree7,tree,40.511844635009766,pass
TM_CCOEFF_NORMED,tree8,tree,51.223541259765625,pass
TM_CCOEFF_NORMED,tree9,tree,51.00766372680664,pass
TM_CCOEFF_NORMED,tree10,tree,51.06009292602539,pass
TM_CCOEFF_NORMED,tree11,tree,30.719371795654297,pass
TM_CCOEFF_NORMED,tree12,tree,50.70476531982422,pass
TM_CCOEFF_NORMED,tree13,tree,48.22907638549805,pass
TM_CCOEFF_NORMED,tree14,tree,50.11568832397461,pass
TM_CCOEFF_NORMED,tree15,tree,48.92250061035156,pass
TM_CCOEFF_NORMED,tree16,tree,48.966060638427734,pass
TM_CCOEFF_NORMED,tree17,tree,30.620939254760742,pass
TM_CCOEFF_NORMED,tree18,tree,44.220638275146484,pass
TM_CCOEFF_NORMED,tree19,tree,48.94069290161133,pass
TM_CCOEFF_NORMED,tree20,tree,48.94069290161133,pass
TM_CCOEFF_NORMED,tree21,tree,48.27482223510742,pass
TM_CCOEFF_NORMED,tree22,tree,42.99777603149414,pass
TM_CCOEFF_NORMED,tree23,tree,47.283443450927734,pass
TM_CCOEFF_NORMED,tree24,tree,48.677955627441406,pass
TM_CCOEFF_NORMED,tree25,tree,50.11568832397461,pass
TM_CCOEFF_NORMED,tree26,tree,30.719371795654297,pass
TM_CCOEFF_NORMED,tree27,tree,48.752559661865234,pass
TM_CCOEFF_NORMED,tree28,tree,40.511844635009766,pass
TM_CCOEFF_NORMED,tree29,tree,49.05541229248047,pass
TM_CCOEFF_NORMED,tree30,tree,48.677955627441406,pass
TM_CCOEFF_NORMED,tree31,tree,50.70476531982422,pass
TM_CCOEFF_NORMED,tree32,tree,44.220638275146484,pass
TM_CCOEFF_NORMED,tree33,tree,54.22777557373047,pass
TM_CCOEFF_NORMED,tree34,tree,42.99777603149414,pass
TM_CCOEFF_NORMED,tree35,tree,48.27482223510742,pass
TM_CCOEFF_NORMED,tree36,tree,47.283443450927734,pass
TM_CCOEFF_NORMED,tree37,tree,30.620939254760742,pass
TM_CCOEFF_NORMED,tree38,tree,30.620939254760742,pass
TM_CCOEFF_NORMED,tree39,tree,54.22777557373047,pass
TM_CCOEFF_NORMED,tree40,tree,52.57551574707031,pass
TM_CCOEFF_NORMED,tree41,tree,52.57551574707031,pass
TM_CCOEFF_NORMED,tree42,tree,54.22777557373047,pass
TM_CCOEFF_NORMED,tree43,tree,42.99777603149414,pass
TM_CCOEFF_NORMED,tree44,tree,30.620939254760742,pass
TM_CCOEFF_NORMED,hut2,hut,34.36583709716797,pass
TM_CCOEFF_NORMED,hut3,hut,53.87709045410156,pass
TM_CCOEFF_NORMED,hut4,hut,57.8493537902832,pass
TM_CCOEFF_NORMED,hut5,hut,56.157081604003906,pass
TM_CCOEFF_NORMED,hut6,hut,56.46028518676758,pass
TM_CCOEFF_NORMED,hut7,hut,56.826961517333984,pass
TM_CCOEFF_NORMED,hut8,hut,55.859764099121094,pass
TM_CCOEFF_NORMED,hut9,hut,34.349430084228516,pass
TM_CCOEFF_NORMED,hut10,hut,53.2148551940918,pass
TM_CCOEFF_NORMED,hut11,hut,57.75038528442383,pass
TM_CCOEFF_NORMED,hut12,hut,57.821144104003906,pass
TM_CCOEFF_NORMED,hut13,hut,57.84693908691406,pass
TM_CCOEFF_NORMED,hut14,hut,57.2880973815918,pass
TM_CCOEFF_NORMED,hut15,hut,57.400672912597656,pass
TM_CCOEFF_NORMED,hut16,hut,58.66639709472656,pass
TM_CCOEFF_NORMED,hut17,hut,56.46028518676758,pass
TM_CCOEFF_NORMED,hut18,hut,56.81949996948242,pass
TM_CCOEFF_NORMED,hut19,hut,56.13090896606445,pass
TM_CCOEFF_NORMED,hut20,hut,34.349430084228516,pass
TM_CCOEFF_NORMED,hut21,hut,55.374664306640625,pass
TM_CCOEFF_NORMED,hut22,hut,35.26198196411133,pass
TM_CCOEFF_NORMED,hut23,hut,49.644832611083984,pass
TM_CCOEFF_NORMED,hut24,hut,56.12641143798828,pass
TM_CCOEFF_NORMED,house2,house,68.54784393310547,pass
TM_CCOEFF_NORMED,house3,house,64.88070678710938,pass
TM_CCOEFF_NORMED,house4,house,67.66366577148438,pass
TM_CCOEFF_NORMED,house5,house,65.35271453857422,pass
TM_CCOEFF_NORMED,house6,house,68.54784393310547,pass
TM_CCOEFF_NORMED,house7,house,64.88070678710938,pass
TM_CCOEFF_NORMED,house8,house,68.986083984375,pass
TM_CCOEFF_NORMED,house9,house,68.9871826171875,pass
TM_CCOEFF_NORMED,house10,house,67.48824310302734,pass
TM_CCOEFF_NORMED,house11,house,67.26597595214844,pass
TM_CCOEFF_NORMED,house12,house,68.9871826171875,pass
TM_CCOEFF_NORMED,house13,house,65.35271453857422,pass
TM_CCOEFF_NORMED,ninjaBear2,ninjaBear,54.00107955932617,pass
TM_CCOEFF_NORMED,ninjaBear3,ninjaBear,68.92045593261719,pass
TM_CCOEFF_NORMED,ninjaBear4,ninjaBear,54.53044128417969,pass
TM_CCOEFF_NORMED,ninjaBear5,ninjaBear,67.28242492675781,pass
TM_CCOEFF_NORMED,ninjaBear6,ninjaBear,70.95308685302734,pass
TM_CCOEFF_NORMED,ninjaBear7,ninjaBear,66.175048828125,pass
TM_CCOEFF_NORMED,ninjaBear8,ninjaBear,66.99335479736328,pass
TM_CCOEFF_NORMED,ninjaBear9,ninjaBear,67.77754974365234,pass
TM_CCOEFF_NORMED,ninjaBear10,ninjaBear,66.175048828125,pass
TM_CCOEFF_NORMED,ninjaBear11,ninjaBear,69.8914566040039,pass
TM_CCOEFF_NORMED,ninjaBear12,ninjaBear,62.91765594482422,pass
TM_CCOEFF_NORMED,ninjaBear13,ninjaBear,54.00107955932617,pass
TM_CCOEFF_NORMED,ninjaBear14,ninjaBear,68.92045593261719,pass
TM_CCOEFF_NORMED,ninjaBear15,ninjaBear,67.46064758300781,pass
TM_CCOEFF_NORMED,ninjaBear16,ninjaBear,67.28242492675781,pass
TM_CCOEFF_NORMED,ninjaBear17,ninjaBear,70.95308685302734,pass
TM_CCOEFF_NORMED,ninjaBear18,ninjaBear,67.61410522460938,pass
TM_CCOEFF_NORMED,ninjaBear19,ninjaBear,66.99335479736328,pass
TM_CCOEFF_NORMED,ninjaBear20,ninjaBear,66.99335479736328,pass
TM_CCOEFF_NORMED,bear2,bear,63.053916931152344,pass
TM_CCOEFF_NORMED,bear3,bear,63.078163146972656,pass
TM_CCOEFF_NORMED,bear4,bear,62.48622512817383,pass
TM_CCOEFF_NORMED,bear5,bear,61.96931457519531,pass
TM_CCOEFF_NORMED,bear6,bear,61.410499572753906,pass
TM_CCOEFF_NORMED,bear7,bear,61.463069915771484,pass
TM_CCOEFF_NORMED,bear8,bear,60.757816314697266,pass
TM_CCOEFF_NORMED,bear9,bear,61.94137954711914,pass
TM_CCOEFF_NORMED,bear10,bear,61.96931457519531,pass
TM_CCOEFF_NORMED,bear11,bear,63.95309066772461,pass
TM_CCOEFF_NORMED,bear12,bear,62.48622512817383,pass
TM_CCOEFF_NORMED,church2,church,68.49166870117188,pass
TM_CCOEFF_NORMED,church3,church,61.13105392456055,pass
TM_CCOEFF_NORMED,church4,church,67.99117279052734,pass
TM_CCOEFF_NORMED,church5,church,61.13105392456055,pass
TM_CCOEFF_NORMED,church6,church,67.99117279052734,pass
TM_CCOEFF_NORMED,church7,church,68.27867889404297,pass
TM_CCOEFF_NORMED,church8,church,68.07203674316406,pass
TM_CCOEFF_NORMED,church9,church,65.90877532958984,pass
TM_CCOEFF_NORMED,church10,church,62.940006256103516,pass
TM_CCOEFF_NORMED,church11,church,68.02104949951172,pass
TM_CCOEFF_NORMED,church12,church,68.42072296142578,pass
TM_CCOEFF_NORMED,church13,church,68.49166870117188,pass
TM_CCOEFF_NORMED,cathedral2,cathedral,63.560115814208984,pass
TM_CCOEFF_NORMED,cathedral3,cathedral,65.36283874511719,pass
TM_CCOEFF_NORMED,cathedral4,cathedral,63.51131057739258,pass
TM_CCOEFF_NORMED,cathedral5,cathedral,63.16769790649414,pass
TM_CCOEFF_NORMED,cathedral6,cathedral,63.46876525878906,pass
TM_CCOEFF_NORMED,cathedral7,cathedral,63.48462677001953,pass
TM_CCOEFF_NORMED,cathedral8,cathedral,64.08625793457031,pass
TM_CCOEFF_NORMED,cathedral9,cathedral,64.08977508544922,pass
TM_CCOEFF_NORMED,rock2,grass,76.2067642211914,false
TM_CCOEFF_NORMED,rock3,grass,76.4027328491211,false
TM_CCOEFF_NORMED,rock4,grass,45.3623161315918,false
TM_CCOEFF_NORMED,rock5,grass,45.41901779174805,false
TM_CCOEFF_NORMED,rock6,grass,76.6432876586914,false
TM_CCOEFF_NORMED,rock7,grass,76.6432876586914,false
TM_CCORR_NORMED,empty2,empty,96.87667083740234,pass
TM_CCORR_NORMED,empty3,empty,96.98966217041016,pass
TM_CCORR_NORMED,empty4,empty,96.82202911376953,pass
TM_CCORR_NORMED,empty5,empty,95.56219482421875,pass
TM_CCORR_NORMED,empty6,empty,97.11895751953125,pass
TM_CCORR_NORMED,empty7,empty,96.56954956054688,pass
TM_CCORR_NORMED,empty8,empty,95.28944396972656,pass
TM_CCORR_NORMED,empty9,empty,95.53714752197266,pass
TM_CCORR_NORMED,empty10,empty,94.36685943603516,pass
TM_CCORR_NORMED,empty11,empty,95.65853118896484,pass
TM_CCORR_NORMED,empty12,empty,96.78462219238281,pass
TM_CCORR_NORMED,empty13,empty,95.41956329345703,pass
TM_CCORR_NORMED,empty14,empty,96.74760437011719,pass
TM_CCORR_NORMED,empty15,empty,96.74005126953125,pass
TM_CCORR_NORMED,empty16,empty,95.49504089355469,pass
TM_CCORR_NORMED,empty17,empty,96.73566436767578,pass
TM_CCORR_NORMED,empty18,empty,96.91697692871094,pass
TM_CCORR_NORMED,empty19,empty,96.10485076904297,pass
TM_CCORR_NORMED,empty20,empty,96.45945739746094,pass
TM_CCORR_NORMED,empty21,empty,96.77273559570312,pass
TM_CCORR_NORMED,empty22,empty,95.6163558959961,pass
TM_CCORR_NORMED,empty23,empty,96.9522705078125,pass
TM_CCORR_NORMED,empty24,empty,96.57830047607422,pass
TM_CCORR_NORMED,empty25,empty,96.46812438964844,pass
TM_CCORR_NORMED,empty26,empty,95.67630004882812,pass
TM_CCORR_NORMED,empty27,empty,95.71906280517578,pass
TM_CCORR_NORMED,empty28,empty,95.30121612548828,pass
TM_CCORR_NORMED,empty29,empty,95.10428619384766,pass
TM_CCORR_NORMED,empty30,empty,95.83150482177734,pass
TM_CCORR_NORMED,empty31,empty,96.9469223022461,pass
TM_CCORR_NORMED,empty32,empty,96.19629669189453,pass
TM_CCORR_NORMED,empty33,empty,96.9277572631836,pass
TM_CCORR_NORMED,empty34,empty,96.83169555664062,pass
TM_CCORR_NORMED,empty35,empty,95.44309997558594,pass
TM_CCORR_NORMED,empty36,empty,96.90869140625,pass
TM_CCORR_NORMED,empty37,empty,96.81977081298828,pass
TM_CCORR_NORMED,empty38,empty,95.42864227294922,pass
TM_CCORR_NORMED,empty39,empty,96.65948486328125,pass
TM_CCORR_NORMED,empty40,empty,96.76128387451172,pass
TM_CCORR_NORMED,empty41,empty,96.55802154541016,pass
TM_CCORR_NORMED,empty42,empty,95.95513153076172,pass
TM_CCORR_NORMED,empty43,empty,95.4041748046875,pass
TM_CCORR_NORMED,empty44,empty,95.72103881835938,pass
TM_CCORR_NORMED,empty45,empty,95.70014953613281,pass
TM_CCORR_NORMED,empty46,empty,96.4383773803711,pass
TM_CCORR_NORMED,empty47,empty,95.35862731933594,pass
TM_CCORR_NORMED,empty48,empty,95.53131866455078,pass
TM_CCORR_NORMED,empty49,empty,96.81214141845703,pass
TM_CCORR_NORMED,empty50,empty,97.13114166259766,pass
TM_CCORR_NORMED,empty51,empty,96.80681610107422,pass
TM_CCORR_NORMED,empty52,empty,96.19632720947266,pass
TM_CCORR_NORMED,empty53,empty,96.54161834716797,pass
TM_CCORR_NORMED,empty54,empty,96.36506652832031,pass
TM_CCORR_NORMED,empty55,empty,96.56700134277344,pass
TM_CCORR_NORMED,empty56,empty,96.79722595214844,pass
TM_CCORR_NORMED,empty57,empty,95.9002685546875,pass
TM_CCORR_NORMED,empty58,empty,96.71355438232422,pass
TM_CCORR_NORMED,empty59,empty,96.80878448486328,pass
TM_CCORR_NORMED,empty60,empty,97.08451843261719,pass
TM_CCORR_NORMED,empty61,empty,96.87980651855469,pass
TM_CCORR_NORMED,empty62,empty,96.45945739746094,pass
TM_CCORR_NORMED,empty63,empty,96.45945739746094,pass
TM_CCORR_NORMED,empty64,empty,95.6086654663086,pass
TM_CCORR_NORMED,empty65,empty,96.80028533935547,pass
TM_CCORR_NORMED,empty66,empty,95.63761138916016,pass
TM_CCORR_NORMED,empty67,empty,95.48736572265625,pass
TM_CCORR_NORMED,empty68,empty,95.48736572265625,pass
TM_CCORR_NORMED,empty69,empty,95.18148040771484,pass
TM_CCORR_NORMED,empty70,empty,95.84217071533203,pass
TM_CCORR_NORMED,empty71,empty,97.12735748291016,pass
TM_CCORR_NORMED,empty72,empty,96.81675720214844,pass
TM_CCORR_NORMED,empty73,empty,95.9002685546875,pass
TM_CCORR_NORMED,empty74,empty,96.55374908447266,pass
TM_CCORR_NORMED,empty75,empty,96.45606994628906,pass
TM_CCORR_NORMED,empty76,empty,96.92008209228516,pass
TM_CCORR_NORMED,empty77,empty,95.19792938232422,pass
TM_CCORR_NORMED,empty78,empty,95.49060821533203,pass
TM_CCORR_NORMED,empty79,empty,97.08451843261719,pass
TM_CCORR_NORMED,empty80,empty,97.08451843261719,pass
TM_CCORR_NORMED,empty81,empty,97.01341247558594,pass
TM_CCORR_NORMED,empty82,empty,95.19319915771484,pass
TM_CCORR_NORMED,empty83,empty,96.08319854736328,pass
TM_CCORR_NORMED,empty84,empty,95.35149383544922,pass
TM_CCORR_NORMED,empty85,empty,96.2590103149414,pass
TM_CCORR_NORMED,empty86,empty,96.08331298828125,pass
TM_CCORR_NORMED,empty87,empty,95.7770004272461,pass
TM_CCORR_NORMED,empty88,empty,95.65744018554688,pass
TM_CCORR_NORMED,empty89,empty,96.48365783691406,pass
TM_CCORR_NORMED,empty90,empty,96.82969665527344,pass
TM_CCORR_NORMED,empty91,empty,96.41222381591797,pass
TM_CCORR_NORMED,empty92,empty,96.01178741455078,pass
TM_CCORR_NORMED,empty93,empty,96.05497741699219,pass
TM_CCORR_NORMED,empty94,empty,95.933349609375,pass
TM_CCORR_NORMED,empty95,empty,96.30872344970703,pass
TM_CCORR_NORMED,empty96,empty,97.10098266601562,pass
TM_CCORR_NORMED,empty97,empty,95.41065979003906,pass
TM_CCORR_NORMED,empty98,empty,96.78704833984375,pass
TM_CCORR_NORMED,empty99,empty,95.9002685546875,pass
TM_CCORR_NORMED,empty100,empty,96.92008209228516,pass
TM_CCORR_NORMED,empty101,empty,96.34188079833984,pass
TM_CCORR_NORMED,empty102,empty,95.57231903076172,pass
TM_CCORR_NORMED,empty103,empty,96.768310546875,pass
TM_CCORR_NORMED,empty104,empty,95.49060821533203,pass
TM_CCORR_NORMED,empty105,empty,97.07463073730469,pass
TM_CCORR_NORMED,empty106,empty,96.54161834716797,pass
TM_CCORR_NORMED,empty107,empty,96.9522705078125,pass
TM_CCORR_NORMED,empty108,empty,96.87474822998047,pass
TM_CCORR_NORMED,empty109,empty,96.66321563720703,pass
TM_CCORR_NORMED,empty110,empty,95.16585540771484,pass
TM_CCORR_NORMED,empty111,empty,95.6755599975586,pass
TM_CCORR_NORMED,empty112,empty,96.74760437011719,pass
TM_CCORR_NORMED,empty113,empty,97.06708526611328,pass
TM_CCORR_NORMED,empty114,empty,96.55802154541016,pass
TM_CCORR_NORMED,empty115,empty,96.98207092285156,pass
TM_CCORR_NORMED,empty116,empty,96.92701721191406,pass
TM_CCORR_NORMED,empty117,empty,96.10485076904297,pass
TM_CCORR_NORMED,empty118,empty,96.83226013183594,pass
TM_CCORR_NORMED,empty119,empty,95.64826202392578,pass
TM_CCORR_NORMED,empty120,empty,95.54246520996094,pass
TM_CCORR_NORMED,empty121,empty,96.87667083740234,pass
TM_CCORR_NORMED,empty122,empty,96.74005126953125,pass
TM_CCORR_NORMED,empty123,empty,95.49504089355469,pass
TM_CCORR_NORMED,empty124,empty,95.28944396972656,pass
TM_CCORR_NORMED,grass2,empty,86.95146942138672,false
TM_CCORR_NORMED,grass3,empty,85.98399353027344,false
TM_CCORR_NORMED,grass4,grass,94.56037902832031,pass
TM_CCORR_NORMED,grass5,grass,95.59455871582031,pass
TM_CCORR_NORMED,grass6,grass,96.72982788085938,pass
TM_CCORR_NORMED,grass7,grass,94.4180679321289,pass
TM_CCORR_NORMED,grass8,grass,96.50684356689453,pass
TM_CCORR_NORMED,grass9,grass,96.58219146728516,pass
TM_CCORR_NORMED,grass10,grass,96.51629638671875,pass
TM_CCORR_NORMED,grass11,grass,96.4075927734375,pass
TM_CCORR_NORMED,grass12,grass,95.65271759033203,pass
TM_CCORR_NORMED,grass13,grass,95.79142761230469,pass
TM_CCORR_NORMED,grass14,grass,96.74736022949219,pass
TM_CCORR_NORMED,grass15,grass,92.8189468383789,pass
TM_CCORR_NORMED,grass16,grass,96.77526092529297,pass
TM_CCORR_NORMED,grass17,grass,96.72569274902344,pass
TM_CCORR_NORMED,grass18,grass,96.7395248413086,pass
TM_CCORR_NORMED,grass19,grass,93.5248794555664,pass
TM_CCORR_NORMED,grass20,grass,94.4197998046875,pass
TM_CCORR_NORMED,grass21,grass,96.33023071289062,pass
TM_CCORR_NORMED,grass22,grass,96.67403411865234,pass
TM_CCORR_NORMED,grass23,grass,84.37796020507812,pass
TM_CCORR_NORMED,grass24,grass,96.63817596435547,pass
TM_CCORR_NORMED,grass25,grass,96.634765625,pass
TM_CCORR_NORMED,grass26,grass,96.23005676269531,pass
TM_CCORR_NORMED,grass27,grass,96.55335998535156,pass
TM_CCORR_NORMED,grass28,grass,95.4422378540039,pass
TM_CCORR_NORMED,grass29,grass,95.28764343261719,pass
TM_CCORR_NORMED,grass30,grass,96.51785278320312,pass
TM_CCORR_NORMED,grass31,grass,95.89692687988281,pass
TM_CCORR_NORMED,grass32,grass,95.28565216064453,pass
TM_CCORR_NORMED,grass33,grass,96.4075927734375,pass
TM_CCORR_NORMED,grass34,grass,96.6497802734375,pass
TM_CCORR_NORMED,grass35,grass,96.74736022949219,pass
TM_CCORR_NORMED,grass36,grass,96.72982788085938,pass
TM_CCORR_NORMED,grass37,grass,92.8189468383789,pass
TM_CCORR_NORMED,grass38,grass,96.77526092529297,pass
TM_CCORR_NORMED,grass39,grass,96.7395248413086,pass
TM_CCORR_NORMED,grass40,grass,94.4197998046875,pass
TM_CCORR_NORMED,grass41,grass,85.98399353027344,pass
TM_CCORR_NORMED,grass42,grass,96.4075927734375,pass
TM_CCORR_NORMED,grass43,grass,96.51629638671875,pass
TM_CCORR_NORMED,grass44,grass,96.51460266113281,pass
TM_CCORR_NORMED,grass45,grass,96.72569274902344,pass
TM_CCORR_NORMED,grass46,grass,86.95146942138672,pass
TM_CCORR_NORMED,grass47,grass,95.28565216064453,pass
TM_CCORR_NORMED,grass48,grass,95.28565216064453,pass
TM_CCORR_NORMED,grass49,grass,95.89692687988281,pass
TM_CCORR_NORMED,grass50,grass,95.4422378540039,pass
TM_CCORR_NORMED,grass51,grass,95.79142761230469,pass
TM_CCORR_NORMED,grass52,grass,95.4422378540039,pass
TM_CCORR_NORMED,grass53,grass,93.9132080078125,pass
TM_CCORR_NORMED,grass54,grass,96.33023071289062,pass
TM_CCORR_NORMED,grass55,grass,96.72569274902344,pass
TM_CCORR_NORMED,grass56,grass,96.72855377197266,pass
TM_CCORR_NORMED,grass57,grass,96.51629638671875,pass
TM_CCORR_NORMED,grass58,grass,78.94180297851562,pass
TM_CCORR_NORMED,grass59,grass,78.94180297851562,pass
TM_CCORR_NORMED,grass60,grass,78.13550567626953,pass
TM_CCORR_NORMED,bush2,bush,95.3813705444336,pass
TM_CCORR_NORMED,bush3,bush,95.3813705444336,pass
TM_CCORR_NORMED,bush4,bush,95.37952423095703,pass
TM_CCORR_NORMED,bush5,bush,94.72948455810547,pass
TM_CCORR_NORMED,bush6,bush,88.83361053466797,pass
TM_CCORR_NORMED,bush7,bush,95.04019165039062,pass
TM_CCORR_NORMED,bush8,bush,93.5050277709961,pass
TM_CCORR_NORMED,bush9,bush,95.06452941894531,pass
TM_CCORR_NORMED,bush10,bush,94.79940032958984,pass
TM_CCORR_NORMED,bush11,bush,94.13262939453125,pass
TM_CCORR_NORMED,bush12,bush,95.04019165039062,pass
TM_CCORR_NORMED,bush13,bush,94.78594970703125,pass
TM_CCORR_NORMED,bush14,bush,95.27071380615234,pass
TM_CCORR_NORMED,bush15,bush,94.72948455810547,pass
TM_CCORR_NORMED,bush16,bush,92.25331115722656,pass
TM_CCORR_NORMED,bush17,bush,92.25071716308594,pass
TM_CCORR_NORMED,bush18,bush,92.26374053955078,pass
TM_CCORR_NORMED,bush19,bush,84.56083679199219,pass
TM_CCORR_NORMED,bush20,bush,94.79940032958984,pass
TM_CCORR_NORMED,bush21,bush,97.10060119628906,pass
TM_CCORR_NORMED,bush22,bush,95.3813705444336,pass
TM_CCORR_NORMED,bush23,bush,92.25331115722656,pass
TM_CCORR_NORMED,bush24,bush,95.37952423095703,pass
TM_CCORR_NORMED,bush25,bush,92.25071716308594,pass
TM_CCORR_NORMED,bush26,bush,94.72948455810547,pass
TM_CCORR_NORMED,bush27,bush,92.26374053955078,pass
TM_CCORR_NORMED,bush28,bush,94.61869812011719,pass
TM_CCORR_NORMED,bush29,bush,95.04019165039062,pass
TM_CCORR_NORMED,bush30,bush,84.56083679199219,pass
TM_CCORR_NORMED,bush31,bush,93.5050277709961,pass
TM_CCORR_NORMED,bush32,bush,94.62303924560547,pass
TM_CCORR_NORMED,bush33,bush,94.74134063720703,pass
TM_CCORR_NORMED,bush34,bush,85.94684600830078,pass
TM_CCORR_NORMED,bush35,bush,95.04019165039062,pass
TM_CCORR_NORMED,bush36,bush,94.13262939453125,pass
TM_CCORR_NORMED,tree2,tree,90.45515441894531,pass
TM_CCORR_NORMED,tree3,tree,91.39901733398438,pass
TM_CCORR_NORMED,tree4,tree,89.6330337524414,pass
TM_CCORR_NORMED,tree5,tree,91.16697692871094,pass
TM_CCORR_NORMED,tree6,tree,92.7060546875,pass
TM_CCORR_NORMED,tree7,tree,86.38067626953125,pass
TM_CCORR_NORMED,tree8,tree,91.39901733398438,pass
TM_CCORR_NORMED,tree9,tree,91.35880279541016,pass
TM_CCORR_NORMED,tree10,tree,91.36128997802734,pass
TM_CCORR_NORMED,tree11,tree,87.1229019165039,pass
TM_CCORR_NORMED,tree12,tree,91.34720611572266,pass
TM_CCORR_NORMED,tree13,tree,89.46714782714844,pass
TM_CCORR_NORMED,tree14,tree,91.2604751586914,pass
TM_CCORR_NORMED,tree15,tree,90.98566436767578,pass
TM_CCORR_NORMED,tree16,tree,90.97496032714844,pass
TM_CCORR_NORMED,tree17,tree,87.0975570678711,pass
TM_CCORR_NORMED,tree18,tree,75.96622467041016,pass
TM_CCORR_NORMED,tree19,tree,91.14507293701172,pass
TM_CCORR_NORMED,tree20,tree,91.14507293701172,pass
TM_CCORR_NORMED,tree21,tree,88.58549499511719,pass
TM_CCORR_NORMED,tree22,tree,85.68644714355469,pass
TM_CCORR_NORMED,tree23,tree,89.36749267578125,pass
TM_CCORR_NORMED,tree24,tree,79.00055694580078,pass
TM_CCORR_NORMED,tree25,tree,91.2604751586914,pass
TM_CCORR_NORMED,tree26,tree,87.1229019165039,pass
TM_CCORR_NORMED,tree27,tree,89.62381744384766,pass
TM_CCORR_NORMED,tree28,tree,86.38067626953125,pass
TM_CCORR_NORMED,tree29,tree,90.45515441894531,pass
TM_CCORR_NORMED,tree30,tree,79.00055694580078,pass
TM_CCORR_NORMED,tree31,tree,91.34720611572266,pass
TM_CCORR_NORMED,tree32,tree,75.96622467041016,pass
TM_CCORR_NORMED,tree33,tree,91.27498626708984,pass
TM_CCORR_NORMED,tree34,tree,85.68644714355469,pass
TM_CCORR_NORMED,tree35,tree,88.58549499511719,pass
TM_CCORR_NORMED,tree36,tree,89.36749267578125,pass
TM_CCORR_NORMED,tree37,tree,87.0975570678711,pass
TM_CCORR_NORMED,tree38,tree,87.0975570678711,pass
TM_CCORR_NORMED,tree39,tree,91.27498626708984,pass
TM_CCORR_NORMED,tree40,tree,92.7060546875,pass
TM_CCORR_NORMED,tree41,tree,92.7060546875,pass
TM_CCORR_NORMED,tree42,tree,91.27498626708984,pass
TM_CCORR_NORMED,tree43,tree,85.68644714355469,pass
TM_CCORR_NORMED,tree44,tree,87.0975570678711,pass
TM_CCORR_NORMED,hut2,hut,89.23171997070312,pass
TM_CCORR_NORMED,hut3,hut,91.93460083007812,pass
TM_CCORR_NORMED,hut4,hut,92.83151245117188,pass
TM_CCORR_NORMED,hut5,hut,92.58209228515625,pass
TM_CCORR_NORMED,hut6,hut,91.86114501953125,pass
TM_CCORR_NORMED,hut7,hut,92.73731994628906,pass
TM_CCORR_NORMED,hut8,hut,92.53926849365234,pass
TM_CCORR_NORMED,hut9,hut,89.2281265258789,pass
TM_CCORR_NORMED,hut10,hut,93.48628997802734,pass
TM_CCORR_NORMED,hut11,hut,92.86592864990234,pass
TM_CCORR_NORMED,hut12,hut,92.83573913574219,pass
TM_CCORR_NORMED,hut13,hut,92.83232879638672,pass
TM_CCORR_NORMED,hut14,hut,92.40966796875,pass
TM_CCORR_NORMED,hut15,hut,92.80609893798828,pass
TM_CCORR_NORMED,hut16,hut,92.43482971191406,pass
TM_CCORR_NORMED,hut17,hut,91.86114501953125,pass
TM_CCORR_NORMED,hut18,hut,92.7383041381836,pass
TM_CCORR_NORMED,hut19,hut,92.60203552246094,pass
TM_CCORR_NORMED,hut20,hut,89.2281265258789,pass
TM_CCORR_NORMED,hut21,hut,92.52873992919922,pass
TM_CCORR_NORMED,hut22,hut,77.24828338623047,pass
TM_CCORR_NORMED,hut23,hut,90.95155334472656,pass
TM_CCORR_NORMED,hut24,hut,92.60057830810547,pass
TM_CCORR_NORMED,house2,house,88.20804595947266,pass
TM_CCORR_NORMED,house3,house,88.23734283447266,pass
TM_CCORR_NORMED,house4,house,88.67691040039062,pass
TM_CCORR_NORMED,house5,house,87.81305694580078,pass
TM_CCORR_NORMED,house6,house,88.20804595947266,pass
TM_CCORR_NORMED,house7,house,88.23734283447266,pass
TM_CCORR_NORMED,house8,house,89.00199127197266,pass
TM_CCORR_NORMED,house9,house,89.00176239013672,pass
TM_CCORR_NORMED,house10,house,88.56194305419922,pass
TM_CCORR_NORMED,house11,house,88.60784149169922,pass
TM_CCORR_NORMED,house12,house,89.00176239013672,pass
TM_CCORR_NORMED,house13,house,87.81305694580078,pass
TM_CCORR_NORMED,ninjaBear2,ninjaBear,91.6358642578125,pass
TM_CCORR_NORMED,ninjaBear3,ninjaBear,92.96578979492188,pass
TM_CCORR_NORMED,ninjaBear4,ninjaBear,91.63514709472656,pass
TM_CCORR_NORMED,ninjaBear5,ninjaBear,92.20484161376953,pass
TM_CCORR_NORMED,ninjaBear6,ninjaBear,92.62686157226562,pass
TM_CCORR_NORMED,ninjaBear7,ninjaBear,92.06365966796875,pass
TM_CCORR_NORMED,ninjaBear8,ninjaBear,92.0682144165039,pass
TM_CCORR_NORMED,ninjaBear9,ninjaBear,92.70508575439453,pass
TM_CCORR_NORMED,ninjaBear10,ninjaBear,92.06365966796875,pass
TM_CCORR_NORMED,ninjaBear11,ninjaBear,92.99449920654297,pass
TM_CCORR_NORMED,ninjaBear12,ninjaBear,91.96533966064453,pass
TM_CCORR_NORMED,ninjaBear13,ninjaBear,91.6358642578125,pass
TM_CCORR_NORMED,ninjaBear14,ninjaBear,92.96578979492188,pass
TM_CCORR_NORMED,ninjaBear15,ninjaBear,92.52963256835938,pass
TM_CCORR_NORMED,ninjaBear16,ninjaBear,92.20484161376953,pass
TM_CCORR_NORMED,ninjaBear17,ninjaBear,92.62686157226562,pass
TM_CCORR_NORMED,ninjaBear18,ninjaBear,92.71510314941406,pass
TM_CCORR_NORMED,ninjaBear19,ninjaBear,92.0682144165039,pass
TM_CCORR_NORMED,ninjaBear20,ninjaBear,92.0682144165039,pass
TM_CCORR_NORMED,bear2,bear,91.77244567871094,pass
TM_CCORR_NORMED,bear3,bear,91.48654174804688,pass
TM_CCORR_NORMED,bear4,bear,92.73192596435547,pass
TM_CCORR_NORMED,bear5,bear,91.84796142578125,pass
TM_CCORR_NORMED,bear6,bear,91.8634262084961,pass
TM_CCORR_NORMED,bear7,bear,93.052001953125,pass
TM_CCORR_NORMED,bear8,bear,93.09736633300781,pass
TM_CCORR_NORMED,bear9,bear,92.55743408203125,pass
TM_CCORR_NORMED,bear10,bear,91.84796142578125,pass
TM_CCORR_NORMED,bear11,bear,92.80225372314453,pass
TM_CCORR_NORMED,bear12,bear,92.73192596435547,pass
TM_CCORR_NORMED,church2,church,89.04578399658203,pass
TM_CCORR_NORMED,church3,church,88.46177673339844,pass
TM_CCORR_NORMED,church4,church,88.92669677734375,pass
TM_CCORR_NORMED,church5,church,88.46177673339844,pass
TM_CCORR_NORMED,church6,church,88.92669677734375,pass
TM_CCORR_NORMED,church7,church,89.25679016113281,pass
TM_CCORR_NORMED,church8,church,89.34202575683594,pass
TM_CCORR_NORMED,church9,church,86.45935821533203,pass
TM_CCORR_NORMED,church10,church,84.03824615478516,pass
TM_CCORR_NORMED,church11,church,89.23249816894531,pass
TM_CCORR_NORMED,church12,church,89.46012115478516,pass
TM_CCORR_NORMED,church13,church,89.04578399658203,pass
TM_CCORR_NORMED,cathedral2,cathedral,84.77342224121094,pass
TM_CCORR_NORMED,cathedral3,cathedral,84.55110168457031,pass
TM_CCORR_NORMED,cathedral4,cathedral,85.1108169555664,pass
TM_CCORR_NORMED,cathedral5,cathedral,84.87437438964844,pass
TM_CCORR_NORMED,cathedral6,cathedral,85.15625762939453,pass
TM_CCORR_NORMED,cathedral7,cathedral,85.11821746826172,pass
TM_CCORR_NORMED,cathedral8,cathedral,85.15643310546875,pass
TM_CCORR_NORMED,cathedral9,cathedral,85.02190399169922,pass
TM_CCORR_NORMED,rock2,grass,97.06754302978516,false
TM_CCORR_NORMED,rock3,grass,97.08898162841797,false
TM_CCORR_NORMED,rock4,grass,93.57660675048828,false
TM_CCORR_NORMED,rock5,grass,93.59359741210938,false
TM_CCORR_NORMED,rock6,grass,97.1253433227539,false
TM_CCORR_NORMED,rock7,grass,97.1253433227539,false
TM_SQDIFF_NORMED,empty2,tree,91.66110229492188,false
TM_SQDIFF_NORMED,empty3,tree,90.06712341308594,false
TM_SQDIFF_NORMED,empty4,tree,91.12503814697266,false
TM_SQDIFF_NORMED,empty5,tree,86.62554931640625,false
TM_SQDIFF_NORMED,empty6,tree,90.67572021484375,false
TM_SQDIFF_NORMED,empty7,tree,91.10997009277344,false
TM_SQDIFF_NORMED,empty8,tree,88.43878936767578,false
TM_SQDIFF_NORMED,empty9,tree,87.8841323852539,false
TM_SQDIFF_NORMED,empty10,tree,86.9092788696289,false
TM_SQDIFF_NORMED,empty11,tree,86.35848999023438,false
TM_SQDIFF_NORMED,empty12,tree,92.59849548339844,false
TM_SQDIFF_NORMED,empty13,tree,88.858642578125,false
TM_SQDIFF_NORMED,empty14,tree,92.54356384277344,false
TM_SQDIFF_NORMED,empty15,tree,90.3337631225586,false
TM_SQDIFF_NORMED,empty16,tree,88.92780303955078,false
TM_SQDIFF_NORMED,empty17,tree,90.65715789794922,false
TM_SQDIFF_NORMED,empty18,tree,90.63390350341797,false
TM_SQDIFF_NORMED,empty19,tree,90.20767211914062,false
TM_SQDIFF_NORMED,empty20,tree,91.00435638427734,false
TM_SQDIFF_NORMED,empty21,tree,91.62330627441406,false
TM_SQDIFF_NORMED,empty22,tree,86.95391845703125,false
TM_SQDIFF_NORMED,empty23,tree,93.05081176757812,false
TM_SQDIFF_NORMED,empty24,tree,90.26736450195312,false
TM_SQDIFF_NORMED,empty25,tree,89.57854461669922,false
TM_SQDIFF_NORMED,empty26,tree,88.04639434814453,false
TM_SQDIFF_NORMED,empty27,tree,87.91535949707031,false
TM_SQDIFF_NORMED,empty28,tree,87.59418487548828,false
TM_SQDIFF_NORMED,empty29,tree,87.9155044555664,false
TM_SQDIFF_NORMED,empty30,tree,88.25418853759766,false
TM_SQDIFF_NORMED,empty31,tree,90.86297607421875,false
TM_SQDIFF_NORMED,empty32,tree,85.92945098876953,false
TM_SQDIFF_NORMED,empty33,tree,91.66429901123047,false
TM_SQDIFF_NORMED,empty34,tree,92.7115478515625,false
TM_SQDIFF_NORMED,empty35,tree,87.58724975585938,false
TM_SQDIFF_NORMED,empty36,tree,90.86483764648438,false
TM_SQDIFF_NORMED,empty37,tree,90.72382354736328,false
TM_SQDIFF_NORMED,empty38,tree,87.58941650390625,false
TM_SQDIFF_NORMED,empty39,tree,91.57147216796875,false
TM_SQDIFF_NORMED,empty40,tree,91.18257904052734,false
TM_SQDIFF_NORMED,empty41,tree,91.98868560791016,false
TM_SQDIFF_NORMED,empty42,tree,88.88517761230469,false
TM_SQDIFF_NORMED,empty43,tree,87.39124298095703,false
TM_SQDIFF_NORMED,empty44,tree,86.58361053466797,false
TM_SQDIFF_NORMED,empty45,tree,89.89656829833984,false
TM_SQDIFF_NORMED,empty46,tree,89.8596420288086,false
TM_SQDIFF_NORMED,empty47,tree,87.49140167236328,false
TM_SQDIFF_NORMED,empty48,tree,89.36300659179688,false
TM_SQDIFF_NORMED,empty49,tree,90.55065155029297,false
TM_SQDIFF_NORMED,empty50,tree,90.84861755371094,false
TM_SQDIFF_NORMED,empty51,tree,91.59120178222656,false
TM_SQDIFF_NORMED,empty52,tree,91.20779418945312,false
TM_SQDIFF_NORMED,empty53,tree,91.0875015258789,false
TM_SQDIFF_NORMED,empty54,tree,89.57521057128906,false
TM_SQDIFF_NORMED,empty55,tree,91.11487579345703,false
TM_SQDIFF_NORMED,empty56,tree,91.27445983886719,false
TM_SQDIFF_NORMED,empty57,tree,88.41035461425781,false
TM_SQDIFF_NORMED,empty58,tree,91.35176086425781,false
TM_SQDIFF_NORMED,empty59,tree,91.5932388305664,false
TM_SQDIFF_NORMED,empty60,tree,90.98030090332031,false
TM_SQDIFF_NORMED,empty61,tree,91.77201080322266,false
TM_SQDIFF_NORMED,empty62,tree,91.00435638427734,false
TM_SQDIFF_NORMED,empty63,tree,91.00435638427734,false
TM_SQDIFF_NORMED,empty64,tree,86.74516296386719,false
TM_SQDIFF_NORMED,empty65,tree,91.74472045898438,false
TM_SQDIFF_NORMED,empty66,tree,88.01268005371094,false
TM_SQDIFF_NORMED,empty67,tree,88.88485717773438,false
TM_SQDIFF_NORMED,empty68,tree,88.88485717773438,false
TM_SQDIFF_NORMED,empty69,tree,87.7294921875,false
TM_SQDIFF_NORMED,empty70,tree,86.88716125488281,false
TM_SQDIFF_NORMED,empty71,tree,90.95417022705078,false
TM_SQDIFF_NORMED,empty72,tree,92.76167297363281,false
TM_SQDIFF_NORMED,empty73,tree,88.41035461425781,false
TM_SQDIFF_NORMED,empty74,tree,92.14326477050781,false
TM_SQDIFF_NORMED,empty75,tree,91.16423034667969,false
TM_SQDIFF_NORMED,empty76,tree,91.82953643798828,false
TM_SQDIFF_NORMED,empty77,tree,87.50377655029297,false
TM_SQDIFF_NORMED,empty78,tree,88.00715637207031,false
TM_SQDIFF_NORMED,empty79,tree,90.98030090332031,false
TM_SQDIFF_NORMED,empty80,tree,90.98030090332031,false
TM_SQDIFF_NORMED,empty81,tree,92.56083679199219,false
TM_SQDIFF_NORMED,empty82,tree,87.16578674316406,false
TM_SQDIFF_NORMED,empty83,tree,87.4573745727539,false
TM_SQDIFF_NORMED,empty84,tree,87.51097106933594,false
TM_SQDIFF_NORMED,empty85,tree,88.57992553710938,false
TM_SQDIFF_NORMED,empty86,tree,87.29464721679688,false
TM_SQDIFF_NORMED,empty87,tree,86.99694061279297,false
TM_SQDIFF_NORMED,empty88,tree,88.00611877441406,false
TM_SQDIFF_NORMED,empty89,tree,91.85811614990234,false
TM_SQDIFF_NORMED,empty90,tree,90.6609115600586,false
TM_SQDIFF_NORMED,empty91,tree,90.96981048583984,false
TM_SQDIFF_NORMED,empty92,tree,89.93587493896484,false
TM_SQDIFF_NORMED,empty93,tree,89.29988861083984,false
TM_SQDIFF_NORMED,empty94,tree,88.72047424316406,false
TM_SQDIFF_NORMED,empty95,tree,88.06307220458984,false
TM_SQDIFF_NORMED,empty96,tree,90.56614685058594,false
TM_SQDIFF_NORMED,empty97,tree,87.57322692871094,false
TM_SQDIFF_NORMED,empty98,tree,91.77517700195312,false
TM_SQDIFF_NORMED,empty99,tree,88.41035461425781,false
TM_SQDIFF_NORMED,empty100,tree,91.82953643798828,false
TM_SQDIFF_NORMED,empty101,tree,90.8608169555664,false
TM_SQDIFF_NORMED,empty102,tree,86.90621948242188,false
TM_SQDIFF_NORMED,empty103,tree,90.3631820678711,false
TM_SQDIFF_NORMED,empty104,tree,88.00715637207031,false
TM_SQDIFF_NORMED,empty105,tree,89.83977508544922,false
TM_SQDIFF_NORMED,empty106,tree,91.0875015258789,false
TM_SQDIFF_NORMED,empty107,tree,93.05081176757812,false
TM_SQDIFF_NORMED,empty108,tree,91.90862274169922,false
TM_SQDIFF_NORMED,empty109,tree,91.35179901123047,false
TM_SQDIFF_NORMED,empty110,tree,87.67818450927734,false
TM_SQDIFF_NORMED,empty111,tree,88.07976531982422,false
TM_SQDIFF_NORMED,empty112,tree,92.54356384277344,false
TM_SQDIFF_NORMED,empty113,tree,90.7679214477539,false
TM_SQDIFF_NORMED,empty114,tree,91.98868560791016,false
TM_SQDIFF_NORMED,empty115,tree,92.4172134399414,false
TM_SQDIFF_NORMED,empty116,tree,90.80130767822266,false
TM_SQDIFF_NORMED,empty117,tree,90.20767211914062,false
TM_SQDIFF_NORMED,empty118,tree,91.7550277709961,false
TM_SQDIFF_NORMED,empty119,tree,88.35035705566406,false
TM_SQDIFF_NORMED,empty120,tree,88.0680923461914,false
TM_SQDIFF_NORMED,empty121,tree,91.66110229492188,false
TM_SQDIFF_NORMED,empty122,tree,90.3337631225586,false
TM_SQDIFF_NORMED,empty123,tree,88.92780303955078,false
TM_SQDIFF_NORMED,empty124,tree,88.43878936767578,false
TM_SQDIFF_NORMED,grass2,tree,68.70767974853516,false
TM_SQDIFF_NORMED,grass3,tree,66.36835479736328,false
TM_SQDIFF_NORMED,grass4,tree,88.81041717529297,false
TM_SQDIFF_NORMED,grass5,tree,90.34297180175781,false
TM_SQDIFF_NORMED,grass6,tree,92.5567626953125,false
TM_SQDIFF_NORMED,grass7,tree,88.54708862304688,false
TM_SQDIFF_NORMED,grass8,tree,91.9345703125,false
TM_SQDIFF_NORMED,grass9,tree,92.19591522216797,false
TM_SQDIFF_NORMED,grass10,tree,92.06092071533203,false
TM_SQDIFF_NORMED,grass11,tree,91.85273742675781,false
TM_SQDIFF_NORMED,grass12,tree,90.70269775390625,false
TM_SQDIFF_NORMED,grass13,tree,90.90226745605469,false
TM_SQDIFF_NORMED,grass14,tree,92.61399841308594,false
TM_SQDIFF_NORMED,grass15,tree,85.63641357421875,false
TM_SQDIFF_NORMED,grass16,tree,92.60820007324219,false
TM_SQDIFF_NORMED,grass17,tree,92.55310821533203,false
TM_SQDIFF_NORMED,grass18,tree,92.53546905517578,false
TM_SQDIFF_NORMED,grass19,tree,86.96061706542969,false
TM_SQDIFF_NORMED,grass20,tree,88.60482025146484,false
TM_SQDIFF_NORMED,grass21,tree,91.28352355957031,false
TM_SQDIFF_NORMED,grass22,tree,92.36190795898438,false
TM_SQDIFF_NORMED,grass23,tree,60.53710174560547,false
TM_SQDIFF_NORMED,grass24,tree,92.34479522705078,false
TM_SQDIFF_NORMED,grass25,tree,92.34397888183594,false
TM_SQDIFF_NORMED,grass26,tree,90.90315246582031,false
TM_SQDIFF_NORMED,grass27,tree,92.17993927001953,false
TM_SQDIFF_NORMED,grass28,tree,90.2552490234375,false
TM_SQDIFF_NORMED,grass29,tree,89.65804290771484,false
TM_SQDIFF_NORMED,grass30,tree,92.06249237060547,false
TM_SQDIFF_NORMED,grass31,tree,90.69364929199219,false
TM_SQDIFF_NORMED,grass32,tree,89.70272827148438,false
TM_SQDIFF_NORMED,grass33,tree,91.85273742675781,false
TM_SQDIFF_NORMED,grass34,tree,92.33358001708984,false
TM_SQDIFF_NORMED,grass35,tree,92.61399841308594,false
TM_SQDIFF_NORMED,grass36,tree,92.5567626953125,false
TM_SQDIFF_NORMED,grass37,tree,85.63641357421875,false
TM_SQDIFF_NORMED,grass38,tree,92.60820007324219,false
TM_SQDIFF_NORMED,grass39,tree,92.53546905517578,false
TM_SQDIFF_NORMED,grass40,tree,88.60482025146484,false
TM_SQDIFF_NORMED,grass41,tree,66.36835479736328,false
TM_SQDIFF_NORMED,grass42,tree,91.85273742675781,false
TM_SQDIFF_NORMED,grass43,tree,92.06092071533203,false
TM_SQDIFF_NORMED,grass44,tree,92.07167053222656,false
TM_SQDIFF_NORMED,grass45,tree,92.55310821533203,false
TM_SQDIFF_NORMED,grass46,tree,68.70767974853516,false
TM_SQDIFF_NORMED,grass47,tree,89.70272827148438,false
TM_SQDIFF_NORMED,grass48,tree,89.70272827148438,false
TM_SQDIFF_NORMED,grass49,tree,90.69364929199219,false
TM_SQDIFF_NORMED,grass50,tree,90.2552490234375,false
TM_SQDIFF_NORMED,grass51,tree,90.90226745605469,false
TM_SQDIFF_NORMED,grass52,tree,90.2552490234375,false
TM_SQDIFF_NORMED,grass53,tree,87.12405395507812,false
TM_SQDIFF_NORMED,grass54,tree,91.28352355957031,false
TM_SQDIFF_NORMED,grass55,tree,92.55310821533203,false
TM_SQDIFF_NORMED,grass56,tree,92.43136596679688,false
TM_SQDIFF_NORMED,grass57,tree,92.06092071533203,false
TM_SQDIFF_NORMED,grass58,cathedral,56.66164016723633,false
TM_SQDIFF_NORMED,grass59,cathedral,56.66164016723633,false
TM_SQDIFF_NORMED,grass60,cathedral,55.65834045410156,false
TM_SQDIFF_NORMED,bush2,cathedral,90.70220184326172,false
TM_SQDIFF_NORMED,bush3,cathedral,90.70220184326172,false
TM_SQDIFF_NORMED,bush4,cathedral,90.69796752929688,false
TM_SQDIFF_NORMED,bush5,cathedral,89.25338745117188,false
TM_SQDIFF_NORMED,bush6,tree,71.21505737304688,false
TM_SQDIFF_NORMED,bush7,tree,90.01234436035156,false
TM_SQDIFF_NORMED,bush8,tree,87.00981140136719,false
TM_SQDIFF_NORMED,bush9,tree,90.07762908935547,false
TM_SQDIFF_NORMED,bush10,tree,89.52643585205078,false
TM_SQDIFF_NORMED,bush11,tree,88.24256896972656,false
TM_SQDIFF_NORMED,bush12,tree,90.01234436035156,false
TM_SQDIFF_NORMED,bush13,tree,89.48968505859375,false
TM_SQDIFF_NORMED,bush14,tree,90.48335266113281,false
TM_SQDIFF_NORMED,bush15,tree,89.25338745117188,false
TM_SQDIFF_NORMED,bush16,tree,84.13750457763672,false
TM_SQDIFF_NORMED,bush17,tree,84.12398529052734,false
TM_SQDIFF_NORMED,bush18,cathedral,83.25496673583984,false
TM_SQDIFF_NORMED,bush19,cathedral,63.896976470947266,false
TM_SQDIFF_NORMED,bush20,cathedral,89.52643585205078,false
TM_SQDIFF_NORMED,bush21,cathedral,94.0001220703125,false
TM_SQDIFF_NORMED,bush22,cathedral,90.70220184326172,false
TM_SQDIFF_NORMED,bush23,cathedral,84.13750457763672,false
TM_SQDIFF_NORMED,bush24,cathedral,90.69796752929688,false
TM_SQDIFF_NORMED,bush25,cathedral,84.12398529052734,false
TM_SQDIFF_NORMED,bush26,cathedral,89.25338745117188,false
TM_SQDIFF_NORMED,bush27,cathedral,83.25496673583984,false
TM_SQDIFF_NORMED,bush28,cathedral,89.0931625366211,false
TM_SQDIFF_NORMED,bush29,cathedral,90.01312255859375,false
TM_SQDIFF_NORMED,bush30,cathedral,63.896976470947266,false
TM_SQDIFF_NORMED,bush31,cathedral,87.00981140136719,false
TM_SQDIFF_NORMED,bush32,cathedral,89.21440887451172,false
TM_SQDIFF_NORMED,bush33,cathedral,89.3875732421875,false
TM_SQDIFF_NORMED,bush34,cathedral,68.90890502929688,false
TM_SQDIFF_NORMED,bush35,cathedral,90.01234436035156,false
TM_SQDIFF_NORMED,bush36,cathedral,88.24256896972656,false
TM_SQDIFF_NORMED,tree2,cathedral,75.71707153320312,false
TM_SQDIFF_NORMED,tree3,cathedral,77.67190551757812,false
TM_SQDIFF_NORMED,tree4,cathedral,68.8155746459961,false
TM_SQDIFF_NORMED,tree5,cathedral,76.9535140991211,false
TM_SQDIFF_NORMED,tree6,cathedral,83.97718811035156,false
TM_SQDIFF_NORMED,tree7,cathedral,69.47867584228516,false
TM_SQDIFF_NORMED,tree8,cathedral,77.67190551757812,false
TM_SQDIFF_NORMED,tree9,cathedral,77.5279312133789,false
TM_SQDIFF_NORMED,tree10,cathedral,77.59456634521484,false
TM_SQDIFF_NORMED,tree11,cathedral,73.39051818847656,false
TM_SQDIFF_NORMED,tree12,cathedral,77.5014877319336,false
TM_SQDIFF_NORMED,tree13,cathedral,67.552978515625,false
TM_SQDIFF_NORMED,tree14,cathedral,77.32595825195312,false
TM_SQDIFF_NORMED,tree15,cathedral,76.81922149658203,false
TM_SQDIFF_NORMED,tree16,cathedral,76.84767150878906,false
TM_SQDIFF_NORMED,tree17,cathedral,73.33715057373047,false
TM_SQDIFF_NORMED,tree18,cathedral,43.02476501464844,false
TM_SQDIFF_NORMED,tree19,cathedral,76.99708557128906,false
TM_SQDIFF_NORMED,tree20,cathedral,76.99708557128906,false
TM_SQDIFF_NORMED,tree21,cathedral,67.5471420288086,false
TM_SQDIFF_NORMED,tree22,cathedral,66.66524505615234,false
TM_SQDIFF_NORMED,tree23,cathedral,68.28304290771484,false
TM_SQDIFF_NORMED,tree24,cathedral,57.32175064086914,false
TM_SQDIFF_NORMED,tree25,cathedral,77.32595825195312,false
TM_SQDIFF_NORMED,tree26,cathedral,73.39051818847656,false
TM_SQDIFF_NORMED,tree27,cathedral,68.82792663574219,false
TM_SQDIFF_NORMED,tree28,cathedral,69.47867584228516,false
TM_SQDIFF_NORMED,tree29,cathedral,75.71707153320312,false
TM_SQDIFF_NORMED,tree30,cathedral,57.32175064086914,false
TM_SQDIFF_NORMED,tree31,cathedral,77.5014877319336,false
TM_SQDIFF_NORMED,tree32,cathedral,43.02476501464844,false
TM_SQDIFF_NORMED,tree33,cathedral,75.46878814697266,false
TM_SQDIFF_NORMED,tree34,cathedral,66.66524505615234,false
TM_SQDIFF_NORMED,tree35,cathedral,67.5471420288086,false
TM_SQDIFF_NORMED,tree36,cathedral,68.28304290771484,false
TM_SQDIFF_NORMED,tree37,cathedral,73.33715057373047,false
TM_SQDIFF_NORMED,tree38,cathedral,73.33715057373047,false
TM_SQDIFF_NORMED,tree39,cathedral,75.46878814697266,false
TM_SQDIFF_NORMED,tree40,cathedral,83.97718811035156,false
TM_SQDIFF_NORMED,tree41,cathedral,83.97718811035156,false
TM_SQDIFF_NORMED,tree42,cathedral,75.46878814697266,false
TM_SQDIFF_NORMED,tree43,cathedral,66.66524505615234,false
TM_SQDIFF_NORMED,tree44,cathedral,73.33715057373047,false
TM_SQDIFF_NORMED,hut2,cathedral,78.26561737060547,false
TM_SQDIFF_NORMED,hut3,cathedral,82.1834716796875,false
TM_SQDIFF_NORMED,hut4,cathedral,82.94041442871094,false
TM_SQDIFF_NORMED,hut5,cathedral,82.48397064208984,false
TM_SQDIFF_NORMED,hut6,cathedral,80.90824127197266,false
TM_SQDIFF_NORMED,hut7,cathedral,82.71175384521484,false
TM_SQDIFF_NORMED,hut8,cathedral,82.026123046875,false
TM_SQDIFF_NORMED,hut9,cathedral,78.25533294677734,false
TM_SQDIFF_NORMED,hut10,cathedral,85.63312530517578,false
TM_SQDIFF_NORMED,hut11,cathedral,83.01465606689453,false
TM_SQDIFF_NORMED,hut12,cathedral,82.90898132324219,false
TM_SQDIFF_NORMED,hut13,cathedral,82.93761444091797,false
TM_SQDIFF_NORMED,hut14,cathedral,82.10541534423828,false
TM_SQDIFF_NORMED,hut15,cathedral,82.90229034423828,false
TM_SQDIFF_NORMED,hut16,cathedral,82.02930450439453,false
TM_SQDIFF_NORMED,hut17,cathedral,80.90824127197266,false
TM_SQDIFF_NORMED,hut18,cathedral,82.70611572265625,false
TM_SQDIFF_NORMED,hut19,cathedral,82.38473510742188,false
TM_SQDIFF_NORMED,hut20,cathedral,78.25533294677734,false
TM_SQDIFF_NORMED,hut21,cathedral,82.22454071044922,false
TM_SQDIFF_NORMED,hut22,cathedral,50.69005584716797,false
TM_SQDIFF_NORMED,hut23,cathedral,80.25142669677734,false
TM_SQDIFF_NORMED,hut24,cathedral,82.39249420166016,false
TM_SQDIFF_NORMED,house2,tree,75.16650390625,false
TM_SQDIFF_NORMED,house3,tree,74.30950164794922,false
TM_SQDIFF_NORMED,house4,tree,75.74114990234375,false
TM_SQDIFF_NORMED,house5,tree,73.9064712524414,false
TM_SQDIFF_NORMED,house6,tree,75.16650390625,false
TM_SQDIFF_NORMED,house7,tree,74.30950164794922,false
TM_SQDIFF_NORMED,house8,tree,76.43578338623047,false
TM_SQDIFF_NORMED,house9,tree,76.43609619140625,false
TM_SQDIFF_NORMED,house10,tree,75.52263641357422,false
TM_SQDIFF_NORMED,house11,tree,75.53380584716797,false
TM_SQDIFF_NORMED,house12,tree,76.43609619140625,false
TM_SQDIFF_NORMED,house13,tree,73.9064712524414,false
TM_SQDIFF_NORMED,ninjaBear2,tree,81.11909484863281,false
TM_SQDIFF_NORMED,ninjaBear3,tree,84.93255615234375,false
TM_SQDIFF_NORMED,ninjaBear4,tree,81.5511245727539,false
TM_SQDIFF_NORMED,ninjaBear5,tree,83.53948974609375,false
TM_SQDIFF_NORMED,ninjaBear6,tree,84.66288757324219,false
TM_SQDIFF_NORMED,ninjaBear7,tree,83.2257080078125,false
TM_SQDIFF_NORMED,ninjaBear8,tree,83.26850128173828,false
TM_SQDIFF_NORMED,ninjaBear9,tree,84.31847381591797,false
TM_SQDIFF_NORMED,ninjaBear10,tree,83.2257080078125,false
TM_SQDIFF_NORMED,ninjaBear11,tree,85.03447723388672,false
TM_SQDIFF_NORMED,ninjaBear12,tree,82.92324829101562,false
TM_SQDIFF_NORMED,ninjaBear13,tree,81.11909484863281,false
TM_SQDIFF_NORMED,ninjaBear14,tree,84.93255615234375,false
TM_SQDIFF_NORMED,ninjaBear15,tree,84.29499816894531,false
TM_SQDIFF_NORMED,ninjaBear16,tree,83.53948974609375,false
TM_SQDIFF_NORMED,ninjaBear17,tree,84.66288757324219,false
TM_SQDIFF_NORMED,ninjaBear18,tree,83.97400665283203,false
TM_SQDIFF_NORMED,ninjaBear19,tree,83.26850128173828,false
TM_SQDIFF_NORMED,ninjaBear20,tree,83.26850128173828,false
TM_SQDIFF_NORMED,bear2,tree,75.59151458740234,false
TM_SQDIFF_NORMED,bear3,tree,74.38460540771484,false
TM_SQDIFF_NORMED,bear4,tree,84.24320220947266,false
TM_SQDIFF_NORMED,bear5,tree,75.97896575927734,false
TM_SQDIFF_NORMED,bear6,tree,75.85892486572266,false
TM_SQDIFF_NORMED,bear7,tree,85.07527160644531,false
TM_SQDIFF_NORMED,bear8,tree,84.62328338623047,false
TM_SQDIFF_NORMED,bear9,tree,75.51139831542969,false
TM_SQDIFF_NORMED,bear10,tree,75.97896575927734,false
TM_SQDIFF_NORMED,bear11,tree,75.7934799194336,false
TM_SQDIFF_NORMED,bear12,tree,84.24320220947266,false
TM_SQDIFF_NORMED,church2,tree,76.3051528930664,false
TM_SQDIFF_NORMED,church3,tree,74.31947326660156,false
TM_SQDIFF_NORMED,church4,tree,75.96174621582031,false
TM_SQDIFF_NORMED,church5,tree,74.31947326660156,false
TM_SQDIFF_NORMED,church6,tree,75.96174621582031,false
TM_SQDIFF_NORMED,church7,tree,76.89653778076172,false
TM_SQDIFF_NORMED,church8,tree,76.93450164794922,false
TM_SQDIFF_NORMED,church9,tree,67.5399398803711,false
TM_SQDIFF_NORMED,church10,tree,61.16092300415039,false
TM_SQDIFF_NORMED,church11,tree,76.75785064697266,false
TM_SQDIFF_NORMED,church12,tree,77.20542907714844,false
TM_SQDIFF_NORMED,church13,tree,76.3051528930664,false
TM_SQDIFF_NORMED,cathedral2,tree,57.29075241088867,false
TM_SQDIFF_NORMED,cathedral3,tree,58.18498229980469,false
TM_SQDIFF_NORMED,cathedral4,tree,57.9478759765625,false
TM_SQDIFF_NORMED,cathedral5,tree,57.590248107910156,false
TM_SQDIFF_NORMED,cathedral6,tree,57.97148513793945,false
TM_SQDIFF_NORMED,cathedral7,tree,57.947303771972656,false
TM_SQDIFF_NORMED,cathedral8,tree,58.823646545410156,false
TM_SQDIFF_NORMED,cathedral9,tree,58.486270904541016,false
TM_SQDIFF_NORMED,rock2,cathedral,94.10325622558594,false
TM_SQDIFF_NORMED,rock3,cathedral,94.14198303222656,false
TM_SQDIFF_NORMED,rock4,cathedral,86.9332504272461,false
TM_SQDIFF_NORMED,rock5,cathedral,86.9578628540039,false
TM_SQDIFF_NORMED,rock6,cathedral,94.21766662597656,false
TM_SQDIFF_NORMED,rock7,cathedral,94.21766662597656,false
