method,item1,item2,score
TM_CCOEFF_NORMED,grass,empty2,57.85494613647461
TM_CCOEFF_NORMED,grass,empty3,65.9240493774414
TM_CCOEFF_NORMED,grass,empty4,58.905662536621094
TM_CCOEFF_NORMED,grass,empty5,33.66989517211914
TM_CCOEFF_NORMED,grass,empty6,64.88829803466797
TM_CCOEFF_NORMED,grass,empty7,52.40262222290039
TM_CCOEFF_NORMED,grass,empty8,29.159311294555664
TM_CCOEFF_NORMED,grass,empty9,33.07650375366211
TM_CCOEFF_NORMED,grass,empty10,39.082313537597656
TM_CCOEFF_NORMED,grass,empty11,35.36003875732422
TM_CCOEFF_NORMED,grass,empty12,48.41937255859375
TM_CCOEFF_NORMED,grass,empty13,31.51993751525879
TM_CCOEFF_NORMED,grass,empty14,48.82915496826172
TM_CCOEFF_NORMED,grass,empty15,60.33378219604492
TM_CCOEFF_NORMED,grass,empty16,31.463455200195312
TM_CCOEFF_NORMED,grass,empty17,59.50297164916992
TM_CCOEFF_NORMED,grass,empty18,60.79367446899414
TM_CCOEFF_NORMED,grass,empty19,54.83555603027344
TM_CCOEFF_NORMED,grass,empty20,48.00045394897461
TM_CCOEFF_NORMED,grass,empty21,53.66094207763672
TM_CCOEFF_NORMED,grass,empty22,33.00811004638672
TM_CCOEFF_NORMED,grass,empty23,56.013755798339844
TM_CCOEFF_NORMED,grass,empty24,53.06119155883789
TM_CCOEFF_NORMED,grass,empty25,51.61536407470703
TM_CCOEFF_NORMED,grass,empty26,36.4462776184082
TM_CCOEFF_NORMED,grass,empty27,37.41587829589844
TM_CCOEFF_NORMED,grass,empty28,29.957735061645508
TM_CCOEFF_NORMED,grass,empty29,44.885536193847656
TM_CCOEFF_NORMED,grass,empty30,40.16374206542969
TM_CCOEFF_NORMED,grass,empty31,62.010108947753906
TM_CCOEFF_NORMED,grass,empty32,45.54999542236328
TM_CCOEFF_NORMED,grass,empty33,58.89188003540039
TM_CCOEFF_NORMED,grass,empty34,51.581363677978516
TM_CCOEFF_NORMED,grass,empty35,33.34001159667969
TM_CCOEFF_NORMED,grass,empty36,60.276519775390625
TM_CCOEFF_NORMED,grass,empty37,57.45322799682617
TM_CCOEFF_NORMED,grass,empty38,34.8454475402832
TM_CCOEFF_NORMED,grass,empty39,51.767478942871094
TM_CCOEFF_NORMED,grass,empty40,68.2601547241211
TM_CCOEFF_NORMED,grass,empty41,61.74549865722656
TM_CCOEFF_NORMED,grass,empty42,41.82823181152344
TM_CCOEFF_NORMED,grass,empty43,32.99151611328125
TM_CCOEFF_NORMED,grass,empty44,35.578983306884766
TM_CCOEFF_NORMED,grass,empty45,62.00718307495117
TM_CCOEFF_NORMED,grass,empty46,60.241188049316406
TM_CCOEFF_NORMED,grass,empty47,39.18320083618164
TM_CCOEFF_NORMED,grass,empty48,34.30908203125
TM_CCOEFF_NORMED,grass,empty49,61.36077117919922
TM_CCOEFF_NORMED,grass,empty50,68.13996124267578
TM_CCOEFF_NORMED,grass,empty51,55.672359466552734
TM_CCOEFF_NORMED,grass,empty52,54.17301559448242
TM_CCOEFF_NORMED,grass,empty53,56.96302032470703
TM_CCOEFF_NORMED,grass,empty54,59.662593841552734
TM_CCOEFF_NORMED,grass,empty55,51.818992614746094
TM_CCOEFF_NORMED,grass,empty56,54.7638053894043
TM_CCOEFF_NORMED,grass,empty57,40.68043899536133
TM_CCOEFF_NORMED,grass,empty58,53.031612396240234
TM_CCOEFF_NORMED,grass,empty59,55.68341064453125
TM_CCOEFF_NORMED,grass,empty60,65.26277923583984
TM_CCOEFF_NORMED,grass,empty61,59.104854583740234
TM_CCOEFF_NORMED,grass,empty62,48.00045394897461
TM_CCOEFF_NORMED,grass,empty63,48.00045394897461
TM_CCOEFF_NORMED,grass,empty64,33.8585205078125
TM_CCOEFF_NORMED,grass,empty65,53.404296875
TM_CCOEFF_NORMED,grass,empty66,35.566566467285156
TM_CCOEFF_NORMED,grass,empty67,31.092208862304688
TM_CCOEFF_NORMED,grass,empty68,31.092208862304688
TM_CCOEFF_NORMED,grass,empty69,46.736507415771484
TM_CCOEFF_NORMED,grass,empty70,39.32832336425781
TM_CCOEFF_NORMED,grass,empty71,65.01844024658203
TM_CCOEFF_NORMED,grass,empty72,50.04651641845703
TM_CCOEFF_NORMED,grass,empty73,40.68043899536133
TM_CCOEFF_NORMED,grass,empty74,61.43232727050781
TM_CCOEFF_NORMED,grass,empty75,62.544830322265625
TM_CCOEFF_NORMED,grass,empty76,58.98796844482422
TM_CCOEFF_NORMED,grass,empty77,34.87908935546875
TM_CCOEFF_NORMED,grass,empty78,33.9036865234375
TM_CCOEFF_NORMED,grass,empty79,65.26277923583984
TM_CCOEFF_NORMED,grass,empty80,65.26277923583984
TM_CCOEFF_NORMED,grass,empty81,65.9957504272461
TM_CCOEFF_NORMED,grass,empty82,32.191986083984375
TM_CCOEFF_NORMED,grass,empty83,44.62835693359375
TM_CCOEFF_NORMED,grass,empty84,31.243297576904297
TM_CCOEFF_NORMED,grass,empty85,67.09187316894531
TM_CCOEFF_NORMED,grass,empty86,42.06843566894531
TM_CCOEFF_NORMED,grass,empty87,42.53067398071289
TM_CCOEFF_NORMED,grass,empty88,36.77328109741211
TM_CCOEFF_NORMED,grass,empty89,51.46686935424805
TM_CCOEFF_NORMED,grass,empty90,61.19110107421875
TM_CCOEFF_NORMED,grass,empty91,54.34966278076172
TM_CCOEFF_NORMED,grass,empty92,57.60310363769531
TM_CCOEFF_NORMED,grass,empty93,55.88362121582031
TM_CCOEFF_NORMED,grass,empty94,56.83224868774414
TM_CCOEFF_NORMED,grass,empty95,61.23042297363281
TM_CCOEFF_NORMED,grass,empty96,64.75028228759766
TM_CCOEFF_NORMED,grass,empty97,31.98025894165039
TM_CCOEFF_NORMED,grass,empty98,53.77486801147461
TM_CCOEFF_NORMED,grass,empty99,40.68043899536133
TM_CCOEFF_NORMED,grass,empty100,58.98796844482422
TM_CCOEFF_NORMED,grass,empty101,50.03800964355469
TM_CCOEFF_NORMED,grass,empty102,44.37929916381836
TM_CCOEFF_NORMED,grass,empty103,57.753719329833984
TM_CCOEFF_NORMED,grass,empty104,33.9036865234375
TM_CCOEFF_NORMED,grass,empty105,64.46802520751953
TM_CCOEFF_NORMED,grass,empty106,56.96302032470703
TM_CCOEFF_NORMED,grass,empty107,56.013755798339844
TM_CCOEFF_NORMED,grass,empty108,58.992374420166016
TM_CCOEFF_NORMED,grass,empty109,51.0784797668457
TM_CCOEFF_NORMED,grass,empty110,52.585227966308594
TM_CCOEFF_NORMED,grass,empty111,35.885135650634766
TM_CCOEFF_NORMED,grass,empty112,48.82915496826172
TM_CCOEFF_NORMED,grass,empty113,64.21837615966797
TM_CCOEFF_NORMED,grass,empty114,61.74549865722656
TM_CCOEFF_NORMED,grass,empty115,66.730712890625
TM_CCOEFF_NORMED,grass,empty116,62.77985382080078
TM_CCOEFF_NORMED,grass,empty117,54.83555603027344
TM_CCOEFF_NORMED,grass,empty118,57.06505584716797
TM_CCOEFF_NORMED,grass,empty119,39.052371978759766
TM_CCOEFF_NORMED,grass,empty120,35.252967834472656
TM_CCOEFF_NORMED,grass,empty121,57.85494613647461
TM_CCOEFF_NORMED,grass,empty122,60.33378219604492
TM_CCOEFF_NORMED,grass,empty123,31.463455200195312
TM_CCOEFF_NORMED,grass,empty124,29.159311294555664
TM_CCORR_NORMED,grass,empty2,96.74041748046875
TM_CCORR_NORMED,grass,empty3,97.25801086425781
TM_CCORR_NORMED,grass,empty4,96.53763580322266
TM_CCORR_NORMED,grass,empty5,95.68807220458984
TM_CCORR_NORMED,grass,empty6,97.2598876953125
TM_CCORR_NORMED,grass,empty7,96.32665252685547
TM_CCORR_NORMED,grass,empty8,94.72185516357422
TM_CCORR_NORMED,grass,empty9,95.24671173095703
TM_CCORR_NORMED,grass,empty10,94.17027282714844
TM_CCORR_NORMED,grass,empty11,95.90742492675781
TM_CCORR_NORMED,grass,empty12,96.10382843017578
TM_CCORR_NORMED,grass,empty13,94.90249633789062
TM_CCORR_NORMED,grass,empty14,96.10506439208984
TM_CCORR_NORMED,grass,empty15,96.91211700439453
TM_CCORR_NORMED,grass,empty16,94.97804260253906
TM_CCORR_NORMED,grass,empty17,96.86201477050781
TM_CCORR_NORMED,grass,empty18,96.97779083251953
TM_CCORR_NORMED,grass,empty19,95.95159912109375
TM_CCORR_NORMED,grass,empty20,96.0741195678711
TM_CCORR_NORMED,grass,empty21,96.44354248046875
TM_CCORR_NORMED,grass,empty22,95.65936279296875
TM_CCORR_NORMED,grass,empty23,96.28181457519531
TM_CCORR_NORMED,grass,empty24,96.3232192993164
TM_CCORR_NORMED,grass,empty25,96.3852310180664
TM_CCORR_NORMED,grass,empty26,95.51927185058594
TM_CCORR_NORMED,grass,empty27,95.62452697753906
TM_CCORR_NORMED,grass,empty28,95.03897094726562
TM_CCORR_NORMED,grass,empty29,95.23970031738281
TM_CCORR_NORMED,grass,empty30,95.743896484375
TM_CCORR_NORMED,grass,empty31,97.04900360107422
TM_CCORR_NORMED,grass,empty32,96.73313903808594
TM_CCORR_NORMED,grass,empty33,96.78569030761719
TM_CCORR_NORMED,grass,empty34,96.28984069824219
TM_CCORR_NORMED,grass,empty35,95.15306091308594
TM_CCORR_NORMED,grass,empty36,96.9487533569336
TM_CCORR_NORMED,grass,empty37,96.6891860961914
TM_CCORR_NORMED,grass,empty38,95.1239242553711
TM_CCORR_NORMED,grass,empty39,96.30989837646484
TM_CCORR_NORMED,grass,empty40,96.7697982788086
TM_CCORR_NORMED,grass,empty41,96.04651641845703
TM_CCORR_NORMED,grass,empty42,95.81466674804688
TM_CCORR_NORMED,grass,empty43,95.25634002685547
TM_CCORR_NORMED,grass,empty44,95.88529205322266
TM_CCORR_NORMED,grass,empty45,95.7208251953125
TM_CCORR_NORMED,grass,empty46,96.32593536376953
TM_CCORR_NORMED,grass,empty47,95.18619537353516
TM_CCORR_NORMED,grass,empty48,94.93682861328125
TM_CCORR_NORMED,grass,empty49,97.00695037841797
TM_CCORR_NORMED,grass,empty50,97.440185546875
TM_CCORR_NORMED,grass,empty51,96.59432983398438
TM_CCORR_NORMED,grass,empty52,95.89804077148438
TM_CCORR_NORMED,grass,empty53,96.347900390625
TM_CCORR_NORMED,grass,empty54,96.65210723876953
TM_CCORR_NORMED,grass,empty55,96.33419036865234
TM_CCORR_NORMED,grass,empty56,96.52339935302734
TM_CCORR_NORMED,grass,empty57,95.77412414550781
TM_CCORR_NORMED,grass,empty58,96.37561798095703
TM_CCORR_NORMED,grass,empty59,96.59593200683594
TM_CCORR_NORMED,grass,empty60,97.25782775878906
TM_CCORR_NORMED,grass,empty61,96.8025131225586
TM_CCORR_NORMED,grass,empty62,96.0741195678711
TM_CCORR_NORMED,grass,empty63,96.0741195678711
TM_CCORR_NORMED,grass,empty64,95.72834777832031
TM_CCORR_NORMED,grass,empty65,96.41185760498047
TM_CCORR_NORMED,grass,empty66,95.44835662841797
TM_CCORR_NORMED,grass,empty67,95.0074691772461
TM_CCORR_NORMED,grass,empty68,95.0074691772461
TM_CCORR_NORMED,grass,empty69,95.39398193359375
TM_CCORR_NORMED,grass,empty70,96.07489013671875
TM_CCORR_NORMED,grass,empty71,97.24913787841797
TM_CCORR_NORMED,grass,empty72,96.16761779785156
TM_CCORR_NORMED,grass,empty73,95.77412414550781
TM_CCORR_NORMED,grass,empty74,96.039794921875
TM_CCORR_NORMED,grass,empty75,96.1266860961914
TM_CCORR_NORMED,grass,empty76,96.79389953613281
TM_CCORR_NORMED,grass,empty77,94.93790435791016
TM_CCORR_NORMED,grass,empty78,95.28755187988281
TM_CCORR_NORMED,grass,empty79,97.25782775878906
TM_CCORR_NORMED,grass,empty80,97.25782775878906
TM_CCORR_NORMED,grass,empty81,96.96614074707031
TM_CCORR_NORMED,grass,empty82,95.02147674560547
TM_CCORR_NORMED,grass,empty83,96.31907653808594
TM_CCORR_NORMED,grass,empty84,95.15801239013672
TM_CCORR_NORMED,grass,empty85,97.05866241455078
TM_CCORR_NORMED,grass,empty86,96.24275970458984
TM_CCORR_NORMED,grass,empty87,95.99048614501953
TM_CCORR_NORMED,grass,empty88,95.5020751953125
TM_CCORR_NORMED,grass,empty89,95.98224639892578
TM_CCORR_NORMED,grass,empty90,96.99715423583984
TM_CCORR_NORMED,grass,empty91,96.1544189453125
TM_CCORR_NORMED,grass,empty92,95.94992065429688
TM_CCORR_NORMED,grass,empty93,95.91053771972656
TM_CCORR_NORMED,grass,empty94,96.26493835449219
TM_CCORR_NORMED,grass,empty95,96.5671615600586
TM_CCORR_NORMED,grass,empty96,97.25144958496094
TM_CCORR_NORMED,grass,empty97,95.20925903320312
TM_CCORR_NORMED,grass,empty98,96.40477752685547
TM_CCORR_NORMED,grass,empty99,95.77412414550781
TM_CCORR_NORMED,grass,empty100,96.79389953613281
TM_CCORR_NORMED,grass,empty101,95.94049835205078
TM_CCORR_NORMED,grass,empty102,95.67101287841797
TM_CCORR_NORMED,grass,empty103,96.7889175415039
TM_CCORR_NORMED,grass,empty104,95.28755187988281
TM_CCORR_NORMED,grass,empty105,97.26033020019531
TM_CCORR_NORMED,grass,empty106,96.347900390625
TM_CCORR_NORMED,grass,empty107,96.28181457519531
TM_CCORR_NORMED,grass,empty108,96.48027801513672
TM_CCORR_NORMED,grass,empty109,96.2457275390625
TM_CCORR_NORMED,grass,empty110,94.8449935913086
TM_CCORR_NORMED,grass,empty111,95.47172546386719
TM_CCORR_NORMED,grass,empty112,96.10506439208984
TM_CCORR_NORMED,grass,empty113,97.20468139648438
TM_CCORR_NORMED,grass,empty114,96.04651641845703
TM_CCORR_NORMED,grass,empty115,97.0108871459961
TM_CCORR_NORMED,grass,empty116,97.1045150756836
TM_CCORR_NORMED,grass,empty117,95.95159912109375
TM_CCORR_NORMED,grass,empty118,96.66629028320312
TM_CCORR_NORMED,grass,empty119,95.42267608642578
TM_CCORR_NORMED,grass,empty120,95.33118438720703
TM_CCORR_NORMED,grass,empty121,96.74041748046875
TM_CCORR_NORMED,grass,empty122,96.91211700439453
TM_CCORR_NORMED,grass,empty123,94.97804260253906
TM_CCORR_NORMED,grass,empty124,94.72185516357422
TM_SQDIFF_NORMED,grass,empty2,87.54914093017578
TM_SQDIFF_NORMED,grass,empty3,85.69600677490234
TM_SQDIFF_NORMED,grass,empty4,86.4349365234375
TM_SQDIFF_NORMED,grass,empty5,81.68001556396484
TM_SQDIFF_NORMED,grass,empty6,86.23249816894531
TM_SQDIFF_NORMED,grass,empty7,86.82870483398438
TM_SQDIFF_NORMED,grass,empty8,83.43122863769531
TM_SQDIFF_NORMED,grass,empty9,82.78221130371094
TM_SQDIFF_NORMED,grass,empty10,82.86813354492188
TM_SQDIFF_NORMED,grass,empty11,81.44457244873047
TM_SQDIFF_NORMED,grass,empty12,88.31739807128906
TM_SQDIFF_NORMED,grass,empty13,84.06342315673828
TM_SQDIFF_NORMED,grass,empty14,88.35829162597656
TM_SQDIFF_NORMED,grass,empty15,86.18159484863281
TM_SQDIFF_NORMED,grass,empty16,84.07515716552734
TM_SQDIFF_NORMED,grass,empty17,86.60707092285156
TM_SQDIFF_NORMED,grass,empty18,86.22888946533203
TM_SQDIFF_NORMED,grass,empty19,86.1247787475586
TM_SQDIFF_NORMED,grass,empty20,86.5197982788086
TM_SQDIFF_NORMED,grass,empty21,87.24555969238281
TM_SQDIFF_NORMED,grass,empty22,81.9489517211914
TM_SQDIFF_NORMED,grass,empty23,88.91221618652344
TM_SQDIFF_NORMED,grass,empty24,85.40975189208984
TM_SQDIFF_NORMED,grass,empty25,84.79847717285156
TM_SQDIFF_NORMED,grass,empty26,83.14643859863281
TM_SQDIFF_NORMED,grass,empty27,83.02232360839844
TM_SQDIFF_NORMED,grass,empty28,82.65257263183594
TM_SQDIFF_NORMED,grass,empty29,84.21104431152344
TM_SQDIFF_NORMED,grass,empty30,83.43669128417969
TM_SQDIFF_NORMED,grass,empty31,86.6369400024414
TM_SQDIFF_NORMED,grass,empty32,80.94881439208984
TM_SQDIFF_NORMED,grass,empty33,87.4730224609375
TM_SQDIFF_NORMED,grass,empty34,88.72748565673828
TM_SQDIFF_NORMED,grass,empty35,82.4253158569336
TM_SQDIFF_NORMED,grass,empty36,86.560302734375
TM_SQDIFF_NORMED,grass,empty37,86.0995864868164
TM_SQDIFF_NORMED,grass,empty38,82.41537475585938
TM_SQDIFF_NORMED,grass,empty39,87.28184509277344
TM_SQDIFF_NORMED,grass,empty40,87.19345092773438
TM_SQDIFF_NORMED,grass,empty41,87.89395141601562
TM_SQDIFF_NORMED,grass,empty42,84.17737579345703
TM_SQDIFF_NORMED,grass,empty43,82.44876861572266
TM_SQDIFF_NORMED,grass,empty44,81.54624938964844
TM_SQDIFF_NORMED,grass,empty45,86.5384292602539
TM_SQDIFF_NORMED,grass,empty46,85.2125015258789
TM_SQDIFF_NORMED,grass,empty47,82.60540771484375
TM_SQDIFF_NORMED,grass,empty48,84.61997985839844
TM_SQDIFF_NORMED,grass,empty49,86.4854507446289
TM_SQDIFF_NORMED,grass,empty50,86.82178497314453
TM_SQDIFF_NORMED,grass,empty51,87.3754653930664
TM_SQDIFF_NORMED,grass,empty52,87.48628234863281
TM_SQDIFF_NORMED,grass,empty53,86.92814636230469
TM_SQDIFF_NORMED,grass,empty54,85.64813995361328
TM_SQDIFF_NORMED,grass,empty55,86.86083221435547
TM_SQDIFF_NORMED,grass,empty56,86.73377227783203
TM_SQDIFF_NORMED,grass,empty57,83.52597045898438
TM_SQDIFF_NORMED,grass,empty58,86.84815216064453
TM_SQDIFF_NORMED,grass,empty59,87.37544250488281
TM_SQDIFF_NORMED,grass,empty60,86.8066635131836
TM_SQDIFF_NORMED,grass,empty61,87.85127258300781
TM_SQDIFF_NORMED,grass,empty62,86.5197982788086
TM_SQDIFF_NORMED,grass,empty63,86.5197982788086
TM_SQDIFF_NORMED,grass,empty64,81.79999542236328
TM_SQDIFF_NORMED,grass,empty65,87.29673767089844
TM_SQDIFF_NORMED,grass,empty66,83.0725326538086
TM_SQDIFF_NORMED,grass,empty67,84.08724975585938
TM_SQDIFF_NORMED,grass,empty68,84.08724975585938
TM_SQDIFF_NORMED,grass,empty69,83.96162414550781
TM_SQDIFF_NORMED,grass,empty70,82.01502227783203
TM_SQDIFF_NORMED,grass,empty71,86.61500549316406
TM_SQDIFF_NORMED,grass,empty72,88.64632415771484
TM_SQDIFF_NORMED,grass,empty73,83.52597045898438
TM_SQDIFF_NORMED,grass,empty74,88.2024154663086
TM_SQDIFF_NORMED,grass,empty75,86.9146957397461
TM_SQDIFF_NORMED,grass,empty76,87.79473114013672
TM_SQDIFF_NORMED,grass,empty77,82.63458251953125
TM_SQDIFF_NORMED,grass,empty78,83.20382690429688
TM_SQDIFF_NORMED,grass,empty79,86.8066635131836
TM_SQDIFF_NORMED,grass,empty80,86.8066635131836
TM_SQDIFF_NORMED,grass,empty81,89.09768676757812
TM_SQDIFF_NORMED,grass,empty82,82.28414916992188
TM_SQDIFF_NORMED,grass,empty83,82.63256072998047
TM_SQDIFF_NORMED,grass,empty84,82.6019058227539
TM_SQDIFF_NORMED,grass,empty85,85.25820922851562
TM_SQDIFF_NORMED,grass,empty86,82.24147033691406
TM_SQDIFF_NORMED,grass,empty87,82.19890594482422
TM_SQDIFF_NORMED,grass,empty88,83.10808563232422
TM_SQDIFF_NORMED,grass,empty89,87.80065155029297
TM_SQDIFF_NORMED,grass,empty90,86.58436584472656
TM_SQDIFF_NORMED,grass,empty91,86.7839584350586
TM_SQDIFF_NORMED,grass,empty92,85.97584533691406
TM_SQDIFF_NORMED,grass,empty93,84.71067810058594
TM_SQDIFF_NORMED,grass,empty94,84.88743591308594
TM_SQDIFF_NORMED,grass,empty95,83.35621643066406
TM_SQDIFF_NORMED,grass,empty96,86.1028823852539
TM_SQDIFF_NORMED,grass,empty97,82.61688232421875
TM_SQDIFF_NORMED,grass,empty98,87.38160705566406
TM_SQDIFF_NORMED,grass,empty99,83.52597045898438
TM_SQDIFF_NORMED,grass,empty100,87.79473114013672
TM_SQDIFF_NORMED,grass,empty101,86.4111557006836
TM_SQDIFF_NORMED,grass,empty102,82.0324478149414
TM_SQDIFF_NORMED,grass,empty103,85.89277648925781
TM_SQDIFF_NORMED,grass,empty104,83.20382690429688
TM_SQDIFF_NORMED,grass,empty105,85.105224609375
TM_SQDIFF_NORMED,grass,empty106,86.92814636230469
TM_SQDIFF_NORMED,grass,empty107,88.91221618652344
TM_SQDIFF_NORMED,grass,empty108,87.45955657958984
TM_SQDIFF_NORMED,grass,empty109,86.75988006591797
TM_SQDIFF_NORMED,grass,empty110,82.83123779296875
TM_SQDIFF_NORMED,grass,empty111,83.10557556152344
TM_SQDIFF_NORMED,grass,empty112,88.35829162597656
TM_SQDIFF_NORMED,grass,empty113,86.42412567138672
TM_SQDIFF_NORMED,grass,empty114,87.89395141601562
TM_SQDIFF_NORMED,grass,empty115,89.04045104980469
TM_SQDIFF_NORMED,grass,empty116,86.7135009765625
TM_SQDIFF_NORMED,grass,empty117,86.1247787475586
TM_SQDIFF_NORMED,grass,empty118,87.71287536621094
TM_SQDIFF_NORMED,grass,empty119,83.51824188232422
TM_SQDIFF_NORMED,grass,empty120,83.22343444824219
TM_SQDIFF_NORMED,grass,empty121,87.54914093017578
TM_SQDIFF_NORMED,grass,empty122,86.18159484863281
TM_SQDIFF_NORMED,grass,empty123,84.07515716552734
TM_SQDIFF_NORMED,grass,empty124,83.43122863769531
TM_CCOEFF_NORMED,bush,grass2,55.60824966430664
TM_CCOEFF_NORMED,bush,grass3,55.59040832519531
TM_CCOEFF_NORMED,bush,grass4,59.85902404785156
TM_CCOEFF_NORMED,bush,grass5,66.62872314453125
TM_CCOEFF_NORMED,bush,grass6,68.11034393310547
TM_CCOEFF_NORMED,bush,grass7,53.916717529296875
TM_CCOEFF_NORMED,bush,grass8,68.18495178222656
TM_CCOEFF_NORMED,bush,grass9,68.50159454345703
TM_CCOEFF_NORMED,bush,grass10,68.47603607177734
TM_CCOEFF_NORMED,bush,grass11,68.39667510986328
TM_CCOEFF_NORMED,bush,grass12,68.58916473388672
TM_CCOEFF_NORMED,bush,grass13,68.79920196533203
TM_CCOEFF_NORMED,bush,grass14,68.23934173583984
TM_CCOEFF_NORMED,bush,grass15,45.16163635253906
TM_CCOEFF_NORMED,bush,grass16,68.29950714111328
TM_CCOEFF_NORMED,bush,grass17,68.3813247680664
TM_CCOEFF_NORMED,bush,grass18,68.23138427734375
TM_CCOEFF_NORMED,bush,grass19,53.584861755371094
TM_CCOEFF_NORMED,bush,grass20,54.19614791870117
TM_CCOEFF_NORMED,bush,grass21,68.71923065185547
TM_CCOEFF_NORMED,bush,grass22,68.77391815185547
TM_CCOEFF_NORMED,bush,grass23,52.22382354736328
TM_CCOEFF_NORMED,bush,grass24,68.33822631835938
TM_CCOEFF_NORMED,bush,grass25,68.33837890625
TM_CCOEFF_NORMED,bush,grass26,68.59304809570312
TM_CCOEFF_NORMED,bush,grass27,68.48788452148438
TM_CCOEFF_NORMED,bush,grass28,65.81710815429688
TM_CCOEFF_NORMED,bush,grass29,64.76667785644531
TM_CCOEFF_NORMED,bush,grass30,68.46699523925781
TM_CCOEFF_NORMED,bush,grass31,69.40250396728516
TM_CCOEFF_NORMED,bush,grass32,65.69808959960938
TM_CCOEFF_NORMED,bush,grass33,68.39667510986328
TM_CCOEFF_NORMED,bush,grass34,68.77651977539062
TM_CCOEFF_NORMED,bush,grass35,68.23934173583984
TM_CCOEFF_NORMED,bush,grass36,68.11034393310547
TM_CCOEFF_NORMED,bush,grass37,45.16163635253906
TM_CCOEFF_NORMED,bush,grass38,68.29950714111328
TM_CCOEFF_NORMED,bush,grass39,68.23138427734375
TM_CCOEFF_NORMED,bush,grass40,54.19614791870117
TM_CCOEFF_NORMED,bush,grass41,55.59040832519531
TM_CCOEFF_NORMED,bush,grass42,68.39667510986328
TM_CCOEFF_NORMED,bush,grass43,68.47603607177734
TM_CCOEFF_NORMED,bush,grass44,68.51192474365234
TM_CCOEFF_NORMED,bush,grass45,68.3813247680664
TM_CCOEFF_NORMED,bush,grass46,55.60824966430664
TM_CCOEFF_NORMED,bush,grass47,65.69808959960938
TM_CCOEFF_NORMED,bush,grass48,65.69808959960938
TM_CCOEFF_NORMED,bush,grass49,69.40250396728516
TM_CCOEFF_NORMED,bush,grass50,65.81710815429688
TM_CCOEFF_NORMED,bush,grass51,68.79920196533203
TM_CCOEFF_NORMED,bush,grass52,65.81710815429688
TM_CCOEFF_NORMED,bush,grass53,61.348880767822266
TM_CCOEFF_NORMED,bush,grass54,68.71923065185547
TM_CCOEFF_NORMED,bush,grass55,68.3813247680664
TM_CCOEFF_NORMED,bush,grass56,67.94056701660156
TM_CCOEFF_NORMED,bush,grass57,68.47603607177734
TM_CCOEFF_NORMED,bush,grass58,60.267723083496094
TM_CCOEFF_NORMED,bush,grass59,60.267723083496094
TM_CCOEFF_NORMED,bush,grass60,58.832733154296875
TM_CCORR_NORMED,bush,grass2,87.34605407714844
TM_CCORR_NORMED,bush,grass3,86.46134948730469
TM_CCORR_NORMED,bush,grass4,92.30853271484375
TM_CCORR_NORMED,bush,grass5,94.12494659423828
TM_CCORR_NORMED,bush,grass6,94.8186264038086
TM_CCORR_NORMED,bush,grass7,92.7207260131836
TM_CCORR_NORMED,bush,grass8,94.79706573486328
TM_CCORR_NORMED,bush,grass9,94.88670349121094
TM_CCORR_NORMED,bush,grass10,94.88501739501953
TM_CCORR_NORMED,bush,grass11,94.86436462402344
TM_CCORR_NORMED,bush,grass12,95.10377502441406
TM_CCORR_NORMED,bush,grass13,95.1468734741211
TM_CCORR_NORMED,bush,grass14,94.83639526367188
TM_CCORR_NORMED,bush,grass15,91.42186737060547
TM_CCORR_NORMED,bush,grass16,94.85441589355469
TM_CCORR_NORMED,bush,grass17,94.86272430419922
TM_CCORR_NORMED,bush,grass18,94.84256744384766
TM_CCORR_NORMED,bush,grass19,91.91364288330078
TM_CCORR_NORMED,bush,grass20,92.7857894897461
TM_CCORR_NORMED,bush,grass21,94.52295684814453
TM_CCORR_NORMED,bush,grass22,94.88888549804688
TM_CCORR_NORMED,bush,grass23,85.38875579833984
TM_CCORR_NORMED,bush,grass24,94.85423278808594
TM_CCORR_NORMED,bush,grass25,94.85330200195312
TM_CCORR_NORMED,bush,grass26,94.4561538696289
TM_CCORR_NORMED,bush,grass27,94.8808364868164
TM_CCORR_NORMED,bush,grass28,94.03669738769531
TM_CCORR_NORMED,bush,grass29,93.81170654296875
TM_CCORR_NORMED,bush,grass30,94.88420104980469
TM_CCORR_NORMED,bush,grass31,94.99202728271484
TM_CCORR_NORMED,bush,grass32,93.77996063232422
TM_CCORR_NORMED,bush,grass33,94.86436462402344
TM_CCORR_NORMED,bush,grass34,94.88774108886719
TM_CCORR_NORMED,bush,grass35,94.83639526367188
TM_CCORR_NORMED,bush,grass36,94.8186264038086
TM_CCORR_NORMED,bush,grass37,91.42186737060547
TM_CCORR_NORMED,bush,grass38,94.85441589355469
TM_CCORR_NORMED,bush,grass39,94.84256744384766
TM_CCORR_NORMED,bush,grass40,92.7857894897461
TM_CCORR_NORMED,bush,grass41,86.46134948730469
TM_CCORR_NORMED,bush,grass42,94.86436462402344
TM_CCORR_NORMED,bush,grass43,94.88501739501953
TM_CCORR_NORMED,bush,grass44,94.88972473144531
TM_CCORR_NORMED,bush,grass45,94.86272430419922
TM_CCORR_NORMED,bush,grass46,87.34605407714844
TM_CCORR_NORMED,bush,grass47,93.77996063232422
TM_CCORR_NORMED,bush,grass48,93.77996063232422
TM_CCORR_NORMED,bush,grass49,94.99202728271484
TM_CCORR_NORMED,bush,grass50,94.03669738769531
TM_CCORR_NORMED,bush,grass51,95.1468734741211
TM_CCORR_NORMED,bush,grass52,94.03669738769531
TM_CCORR_NORMED,bush,grass53,92.86939239501953
TM_CCORR_NORMED,bush,grass54,94.52295684814453
TM_CCORR_NORMED,bush,grass55,94.86272430419922
TM_CCORR_NORMED,bush,grass56,94.79536437988281
TM_CCORR_NORMED,bush,grass57,94.88501739501953
TM_CCORR_NORMED,bush,grass58,81.83843231201172
TM_CCORR_NORMED,bush,grass59,81.83843231201172
TM_CCORR_NORMED,bush,grass60,80.79954528808594
TM_SQDIFF_NORMED,bush,grass2,69.42691802978516
TM_SQDIFF_NORMED,bush,grass3,67.25041961669922
TM_SQDIFF_NORMED,bush,grass4,84.32344055175781
TM_SQDIFF_NORMED,bush,grass5,87.43148803710938
TM_SQDIFF_NORMED,bush,grass6,88.76303100585938
TM_SQDIFF_NORMED,bush,grass7,85.16851806640625
TM_SQDIFF_NORMED,bush,grass8,88.54639434814453
TM_SQDIFF_NORMED,bush,grass9,88.83464050292969
TM_SQDIFF_NORMED,bush,grass10,88.82811737060547
TM_SQDIFF_NORMED,bush,grass11,88.79589080810547
TM_SQDIFF_NORMED,bush,grass12,89.6281967163086
TM_SQDIFF_NORMED,bush,grass13,89.63800811767578
TM_SQDIFF_NORMED,bush,grass14,88.82038116455078
TM_SQDIFF_NORMED,bush,grass15,82.84085845947266
TM_SQDIFF_NORMED,bush,grass16,88.7957992553711
TM_SQDIFF_NORMED,bush,grass17,88.85577392578125
TM_SQDIFF_NORMED,bush,grass18,88.77088165283203
TM_SQDIFF_NORMED,bush,grass19,83.74697875976562
TM_SQDIFF_NORMED,bush,grass20,85.35128784179688
TM_SQDIFF_NORMED,bush,grass21,87.7044677734375
TM_SQDIFF_NORMED,bush,grass22,88.82158660888672
TM_SQDIFF_NORMED,bush,grass23,62.470458984375
TM_SQDIFF_NORMED,bush,grass24,88.80604553222656
TM_SQDIFF_NORMED,bush,grass25,88.81009674072266
TM_SQDIFF_NORMED,bush,grass26,87.3930892944336
TM_SQDIFF_NORMED,bush,grass27,88.86393737792969
TM_SQDIFF_NORMED,bush,grass28,87.46804809570312
TM_SQDIFF_NORMED,bush,grass29,86.73506927490234
TM_SQDIFF_NORMED,bush,grass30,88.82498168945312
TM_SQDIFF_NORMED,bush,grass31,88.91551971435547
TM_SQDIFF_NORMED,bush,grass32,86.71946716308594
TM_SQDIFF_NORMED,bush,grass33,88.79589080810547
TM_SQDIFF_NORMED,bush,grass34,88.83916473388672
TM_SQDIFF_NORMED,bush,grass35,88.82038116455078
TM_SQDIFF_NORMED,bush,grass36,88.76303100585938
TM_SQDIFF_NORMED,bush,grass37,82.84085845947266
TM_SQDIFF_NORMED,bush,grass38,88.7957992553711
TM_SQDIFF_NORMED,bush,grass39,88.77088165283203
TM_SQDIFF_NORMED,bush,grass40,85.35128784179688
TM_SQDIFF_NORMED,bush,grass41,67.25041961669922
TM_SQDIFF_NORMED,bush,grass42,88.79589080810547
TM_SQDIFF_NORMED,bush,grass43,88.82811737060547
TM_SQDIFF_NORMED,bush,grass44,88.85144805908203
TM_SQDIFF_NORMED,bush,grass45,88.85577392578125
TM_SQDIFF_NORMED,bush,grass46,69.42691802978516
TM_SQDIFF_NORMED,bush,grass47,86.71946716308594
TM_SQDIFF_NORMED,bush,grass48,86.71946716308594
TM_SQDIFF_NORMED,bush,grass49,88.91551971435547
TM_SQDIFF_NORMED,bush,grass50,87.46804809570312
TM_SQDIFF_NORMED,bush,grass51,89.63800811767578
TM_SQDIFF_NORMED,bush,grass52,87.46804809570312
TM_SQDIFF_NORMED,bush,grass53,85.06169128417969
TM_SQDIFF_NORMED,bush,grass54,87.7044677734375
TM_SQDIFF_NORMED,bush,grass55,88.85577392578125
TM_SQDIFF_NORMED,bush,grass56,88.59555053710938
TM_SQDIFF_NORMED,bush,grass57,88.82811737060547
TM_SQDIFF_NORMED,bush,grass58,62.4882926940918
TM_SQDIFF_NORMED,bush,grass59,62.4882926940918
TM_SQDIFF_NORMED,bush,grass60,61.01000213623047
TM_CCOEFF_NORMED,tree,bush2,57.006526947021484
TM_CCOEFF_NORMED,tree,bush3,57.006526947021484
TM_CCOEFF_NORMED,tree,bush4,56.97764205932617
TM_CCOEFF_NORMED,tree,bush5,54.9914436340332
TM_CCOEFF_NORMED,tree,bush6,48.563804626464844
TM_CCOEFF_NORMED,tree,bush7,58.93170166015625
TM_CCOEFF_NORMED,tree,bush8,57.439178466796875
TM_CCOEFF_NORMED,tree,bush9,58.13600540161133
TM_CCOEFF_NORMED,tree,bush10,60.14979934692383
TM_CCOEFF_NORMED,tree,bush11,59.08595275878906
TM_CCOEFF_NORMED,tree,bush12,58.93170166015625
TM_CCOEFF_NORMED,tree,bush13,59.66077423095703
TM_CCOEFF_NORMED,tree,bush14,57.74190902709961
TM_CCOEFF_NORMED,tree,bush15,54.9914436340332
TM_CCOEFF_NORMED,tree,bush16,46.02137756347656
TM_CCOEFF_NORMED,tree,bush17,46.14695739746094
TM_CCOEFF_NORMED,tree,bush18,65.39360046386719
TM_CCOEFF_NORMED,tree,bush19,60.460716247558594
TM_CCOEFF_NORMED,tree,bush20,60.14979934692383
TM_CCOEFF_NORMED,tree,bush21,57.83256149291992
TM_CCOEFF_NORMED,tree,bush22,57.006526947021484
TM_CCOEFF_NORMED,tree,bush23,46.02137756347656
TM_CCOEFF_NORMED,tree,bush24,56.97764205932617
TM_CCOEFF_NORMED,tree,bush25,46.14695739746094
TM_CCOEFF_NORMED,tree,bush26,54.9914436340332
TM_CCOEFF_NORMED,tree,bush27,65.39360046386719
TM_CCOEFF_NORMED,tree,bush28,55.74830627441406
TM_CCOEFF_NORMED,tree,bush29,58.95414352416992
TM_CCOEFF_NORMED,tree,bush30,60.460716247558594
TM_CCOEFF_NORMED,tree,bush31,57.439178466796875
TM_CCOEFF_NORMED,tree,bush32,58.59935760498047
TM_CCOEFF_NORMED,tree,bush33,59.3056755065918
TM_CCOEFF_NORMED,tree,bush34,60.543357849121094
TM_CCOEFF_NORMED,tree,bush35,58.93170166015625
TM_CCOEFF_NORMED,tree,bush36,59.08595275878906
TM_CCORR_NORMED,tree,bush2,90.35269927978516
TM_CCORR_NORMED,tree,bush3,90.35269927978516
TM_CCORR_NORMED,tree,bush4,90.34848022460938
TM_CCORR_NORMED,tree,bush5,89.07438659667969
TM_CCORR_NORMED,tree,bush6,86.56278228759766
TM_CCORR_NORMED,tree,bush7,90.7622299194336
TM_CCORR_NORMED,tree,bush8,90.03678894042969
TM_CCORR_NORMED,tree,bush9,90.57984161376953
TM_CCORR_NORMED,tree,bush10,91.0441665649414
TM_CCORR_NORMED,tree,bush11,90.18354797363281
TM_CCORR_NORMED,tree,bush12,90.7622299194336
TM_CCORR_NORMED,tree,bush13,90.92132568359375
TM_CCORR_NORMED,tree,bush14,90.50273895263672
TM_CCORR_NORMED,tree,bush15,89.07438659667969
TM_CCORR_NORMED,tree,bush16,88.628662109375
TM_CCORR_NORMED,tree,bush17,88.65406799316406
TM_CCORR_NORMED,tree,bush18,90.88481903076172
TM_CCORR_NORMED,tree,bush19,85.62613677978516
TM_CCORR_NORMED,tree,bush20,91.0441665649414
TM_CCORR_NORMED,tree,bush21,91.65411376953125
TM_CCORR_NORMED,tree,bush22,90.35269927978516
TM_CCORR_NORMED,tree,bush23,88.628662109375
TM_CCORR_NORMED,tree,bush24,90.34848022460938
TM_CCORR_NORMED,tree,bush25,88.65406799316406
TM_CCORR_NORMED,tree,bush26,89.07438659667969
TM_CCORR_NORMED,tree,bush27,90.88481903076172
TM_CCORR_NORMED,tree,bush28,89.71395111083984
TM_CCORR_NORMED,tree,bush29,90.76937103271484
TM_CCORR_NORMED,tree,bush30,85.62613677978516
TM_CCORR_NORMED,tree,bush31,90.03678894042969
TM_CCORR_NORMED,tree,bush32,90.44798278808594
TM_CCORR_NORMED,tree,bush33,90.81546020507812
TM_CCORR_NORMED,tree,bush34,84.42371368408203
TM_CCORR_NORMED,tree,bush35,90.7622299194336
TM_CCORR_NORMED,tree,bush36,90.18354797363281
TM_SQDIFF_NORMED,tree,bush2,71.83104705810547
TM_SQDIFF_NORMED,tree,bush3,71.83104705810547
TM_SQDIFF_NORMED,tree,bush4,71.82937622070312
TM_SQDIFF_NORMED,tree,bush5,70.47856140136719
TM_SQDIFF_NORMED,tree,bush6,39.17314910888672
TM_SQDIFF_NORMED,tree,bush7,72.73904418945312
TM_SQDIFF_NORMED,tree,bush8,69.75296020507812
TM_SQDIFF_NORMED,tree,bush9,72.16907501220703
TM_SQDIFF_NORMED,tree,bush10,73.35184478759766
TM_SQDIFF_NORMED,tree,bush11,70.90862274169922
TM_SQDIFF_NORMED,tree,bush12,72.73904418945312
TM_SQDIFF_NORMED,tree,bush13,73.21157836914062
TM_SQDIFF_NORMED,tree,bush14,72.10055541992188
TM_SQDIFF_NORMED,tree,bush15,70.47856140136719
TM_SQDIFF_NORMED,tree,bush16,62.474369049072266
TM_SQDIFF_NORMED,tree,bush17,62.4718132019043
TM_SQDIFF_NORMED,tree,bush18,77.39971160888672
TM_SQDIFF_NORMED,tree,bush19,40.29073715209961
TM_SQDIFF_NORMED,tree,bush20,73.35184478759766
TM_SQDIFF_NORMED,tree,bush21,75.6101303100586
TM_SQDIFF_NORMED,tree,bush22,71.83104705810547
TM_SQDIFF_NORMED,tree,bush23,62.474369049072266
TM_SQDIFF_NORMED,tree,bush24,71.82937622070312
TM_SQDIFF_NORMED,tree,bush25,62.4718132019043
TM_SQDIFF_NORMED,tree,bush26,70.47856140136719
TM_SQDIFF_NORMED,tree,bush27,77.39971160888672
TM_SQDIFF_NORMED,tree,bush28,71.34054565429688
TM_SQDIFF_NORMED,tree,bush29,72.74430084228516
TM_SQDIFF_NORMED,tree,bush30,40.29073715209961
TM_SQDIFF_NORMED,tree,bush31,69.75296020507812
TM_SQDIFF_NORMED,tree,bush32,71.60684204101562
TM_SQDIFF_NORMED,tree,bush33,73.12808990478516
TM_SQDIFF_NORMED,tree,bush34,43.94744110107422
TM_SQDIFF_NORMED,tree,bush35,72.73904418945312
TM_SQDIFF_NORMED,tree,bush36,70.90862274169922
TM_CCOEFF_NORMED,hut,tree2,69.53893280029297
TM_CCOEFF_NORMED,hut,tree3,72.14044189453125
TM_CCOEFF_NORMED,hut,tree4,73.50375366210938
TM_CCOEFF_NORMED,hut,tree5,71.4014663696289
TM_CCOEFF_NORMED,hut,tree6,74.80701446533203
TM_CCOEFF_NORMED,hut,tree7,47.003578186035156
TM_CCOEFF_NORMED,hut,tree8,72.14044189453125
TM_CCOEFF_NORMED,hut,tree9,71.9865951538086
TM_CCOEFF_NORMED,hut,tree10,72.05264282226562
TM_CCOEFF_NORMED,hut,tree11,49.95042419433594
TM_CCOEFF_NORMED,hut,tree12,72.25907135009766
TM_CCOEFF_NORMED,hut,tree13,72.14160919189453
TM_CCOEFF_NORMED,hut,tree14,72.12128448486328
TM_CCOEFF_NORMED,hut,tree15,71.11925506591797
TM_CCOEFF_NORMED,hut,tree16,71.15901947021484
TM_CCOEFF_NORMED,hut,tree17,48.830284118652344
TM_CCOEFF_NORMED,hut,tree18,42.97385787963867
TM_CCOEFF_NORMED,hut,tree19,71.39778900146484
TM_CCOEFF_NORMED,hut,tree20,71.39778900146484
TM_CCOEFF_NORMED,hut,tree21,68.66963195800781
TM_CCOEFF_NORMED,hut,tree22,52.87826156616211
TM_CCOEFF_NORMED,hut,tree23,72.65611267089844
TM_CCOEFF_NORMED,hut,tree24,50.22990036010742
TM_CCOEFF_NORMED,hut,tree25,72.12128448486328
TM_CCOEFF_NORMED,hut,tree26,49.95042419433594
TM_CCOEFF_NORMED,hut,tree27,73.4798583984375
TM_CCOEFF_NORMED,hut,tree28,47.003578186035156
TM_CCOEFF_NORMED,hut,tree29,69.53893280029297
TM_CCOEFF_NORMED,hut,tree30,50.22990036010742
TM_CCOEFF_NORMED,hut,tree31,72.25907135009766
TM_CCOEFF_NORMED,hut,tree32,42.97385787963867
TM_CCOEFF_NORMED,hut,tree33,71.36168670654297
TM_CCOEFF_NORMED,hut,tree34,52.87826156616211
TM_CCOEFF_NORMED,hut,tree35,68.66963195800781
TM_CCOEFF_NORMED,hut,tree36,72.65611267089844
TM_CCOEFF_NORMED,hut,tree37,48.830284118652344
TM_CCOEFF_NORMED,hut,tree38,48.830284118652344
TM_CCOEFF_NORMED,hut,tree39,71.36168670654297
TM_CCOEFF_NORMED,hut,tree40,74.80701446533203
TM_CCOEFF_NORMED,hut,tree41,74.80701446533203
TM_CCOEFF_NORMED,hut,tree42,71.36168670654297
TM_CCOEFF_NORMED,hut,tree43,52.87826156616211
TM_CCOEFF_NORMED,hut,tree44,48.830284118652344
TM_CCORR_NORMED,hut,tree2,92.98016357421875
TM_CCORR_NORMED,hut,tree3,93.88410186767578
TM_CCORR_NORMED,hut,tree4,93.48506164550781
TM_CCORR_NORMED,hut,tree5,93.80731201171875
TM_CCORR_NORMED,hut,tree6,94.96591186523438
TM_CCORR_NORMED,hut,tree7,85.48365783691406
TM_CCORR_NORMED,hut,tree8,93.88410186767578
TM_CCORR_NORMED,hut,tree9,93.84868621826172
TM_CCORR_NORMED,hut,tree10,93.85964965820312
TM_CCORR_NORMED,hut,tree11,88.45204162597656
TM_CCORR_NORMED,hut,tree12,93.92998504638672
TM_CCORR_NORMED,hut,tree13,93.11510467529297
TM_CCORR_NORMED,hut,tree14,93.90737915039062
TM_CCORR_NORMED,hut,tree15,93.65057373046875
TM_CCORR_NORMED,hut,tree16,93.64946746826172
TM_CCORR_NORMED,hut,tree17,88.18780517578125
TM_CCORR_NORMED,hut,tree18,73.13115692138672
TM_CCORR_NORMED,hut,tree19,93.794921875
TM_CCORR_NORMED,hut,tree20,93.794921875
TM_CCORR_NORMED,hut,tree21,91.69234466552734
TM_CCORR_NORMED,hut,tree22,86.01811218261719
TM_CCORR_NORMED,hut,tree23,93.2867660522461
TM_CCORR_NORMED,hut,tree24,77.60332489013672
TM_CCORR_NORMED,hut,tree25,93.90737915039062
TM_CCORR_NORMED,hut,tree26,88.45204162597656
TM_CCORR_NORMED,hut,tree27,93.4742431640625
TM_CCORR_NORMED,hut,tree28,85.48365783691406
TM_CCORR_NORMED,hut,tree29,92.98016357421875
TM_CCORR_NORMED,hut,tree30,77.60332489013672
TM_CCORR_NORMED,hut,tree31,93.92998504638672
TM_CCORR_NORMED,hut,tree32,73.13115692138672
TM_CCORR_NORMED,hut,tree33,93.33045196533203
TM_CCORR_NORMED,hut,tree34,86.01811218261719
TM_CCORR_NORMED,hut,tree35,91.69234466552734
TM_CCORR_NORMED,hut,tree36,93.2867660522461
TM_CCORR_NORMED,hut,tree37,88.18780517578125
TM_CCORR_NORMED,hut,tree38,88.18780517578125
TM_CCORR_NORMED,hut,tree39,93.33045196533203
TM_CCORR_NORMED,hut,tree40,94.96591186523438
TM_CCORR_NORMED,hut,tree41,94.96591186523438
TM_CCORR_NORMED,hut,tree42,93.33045196533203
TM_CCORR_NORMED,hut,tree43,86.01811218261719
TM_CCORR_NORMED,hut,tree44,88.18780517578125
TM_SQDIFF_NORMED,hut,tree2,85.58019256591797
TM_SQDIFF_NORMED,hut,tree3,87.40595245361328
TM_SQDIFF_NORMED,hut,tree4,84.52752685546875
TM_SQDIFF_NORMED,hut,tree5,87.1829605102539
TM_SQDIFF_NORMED,hut,tree6,89.71986389160156
TM_SQDIFF_NORMED,hut,tree7,58.82735824584961
TM_SQDIFF_NORMED,hut,tree8,87.40595245361328
TM_SQDIFF_NORMED,hut,tree9,87.31819152832031
TM_SQDIFF_NORMED,hut,tree10,87.35655212402344
TM_SQDIFF_NORMED,hut,tree11,76.36651611328125
TM_SQDIFF_NORMED,hut,tree12,87.47993469238281
TM_SQDIFF_NORMED,hut,tree13,83.33218383789062
TM_SQDIFF_NORMED,hut,tree14,87.43415832519531
TM_SQDIFF_NORMED,hut,tree15,86.93202209472656
TM_SQDIFF_NORMED,hut,tree16,86.94298553466797
TM_SQDIFF_NORMED,hut,tree17,75.84014892578125
TM_SQDIFF_NORMED,hut,tree18,24.42897605895996
TM_SQDIFF_NORMED,hut,tree19,87.18252563476562
TM_SQDIFF_NORMED,hut,tree20,87.18252563476562
TM_SQDIFF_NORMED,hut,tree21,81.32938385009766
TM_SQDIFF_NORMED,hut,tree22,57.242095947265625
TM_SQDIFF_NORMED,hut,tree23,84.13023376464844
TM_SQDIFF_NORMED,hut,tree24,54.511497497558594
TM_SQDIFF_NORMED,hut,tree25,87.43415832519531
TM_SQDIFF_NORMED,hut,tree26,76.36651611328125
TM_SQDIFF_NORMED,hut,tree27,84.52061462402344
TM_SQDIFF_NORMED,hut,tree28,58.82735824584961
TM_SQDIFF_NORMED,hut,tree29,85.58019256591797
TM_SQDIFF_NORMED,hut,tree30,54.511497497558594
TM_SQDIFF_NORMED,hut,tree31,87.47993469238281
TM_SQDIFF_NORMED,hut,tree32,24.42897605895996
TM_SQDIFF_NORMED,hut,tree33,85.66856384277344
TM_SQDIFF_NORMED,hut,tree34,57.242095947265625
TM_SQDIFF_NORMED,hut,tree35,81.32938385009766
TM_SQDIFF_NORMED,hut,tree36,84.13023376464844
TM_SQDIFF_NORMED,hut,tree37,75.84014892578125
TM_SQDIFF_NORMED,hut,tree38,75.84014892578125
TM_SQDIFF_NORMED,hut,tree39,85.66856384277344
TM_SQDIFF_NORMED,hut,tree40,89.71986389160156
TM_SQDIFF_NORMED,hut,tree41,89.71986389160156
TM_SQDIFF_NORMED,hut,tree42,85.66856384277344
TM_SQDIFF_NORMED,hut,tree43,57.242095947265625
TM_SQDIFF_NORMED,hut,tree44,75.84014892578125
TM_CCOEFF_NORMED,house,hut2,31.675661087036133
TM_CCOEFF_NORMED,house,hut3,43.45637893676758
TM_CCOEFF_NORMED,house,hut4,44.78771209716797
TM_CCOEFF_NORMED,house,hut5,45.25278091430664
TM_CCOEFF_NORMED,house,hut6,45.99571228027344
TM_CCOEFF_NORMED,house,hut7,45.44615173339844
TM_CCOEFF_NORMED,house,hut8,45.66543197631836
TM_CCOEFF_NORMED,house,hut9,31.679594039916992
TM_CCOEFF_NORMED,house,hut10,44.75032043457031
TM_CCOEFF_NORMED,house,hut11,44.78715515136719
TM_CCOEFF_NORMED,house,hut12,44.768558502197266
TM_CCOEFF_NORMED,house,hut13,44.78410339355469
TM_CCOEFF_NORMED,house,hut14,45.37168884277344
TM_CCOEFF_NORMED,house,hut15,45.16309356689453
TM_CCOEFF_NORMED,house,hut16,46.089080810546875
TM_CCOEFF_NORMED,house,hut17,45.99571228027344
TM_CCOEFF_NORMED,house,hut18,45.433406829833984
TM_CCOEFF_NORMED,house,hut19,45.766605377197266
TM_CCOEFF_NORMED,house,hut20,31.679594039916992
TM_CCOEFF_NORMED,house,hut21,46.174007415771484
TM_CCOEFF_NORMED,house,hut22,38.507606506347656
TM_CCOEFF_NORMED,house,hut23,41.94625473022461
TM_CCOEFF_NORMED,house,hut24,45.768402099609375
TM_CCORR_NORMED,house,hut2,76.73736572265625
TM_CCORR_NORMED,house,hut3,79.81864929199219
TM_CCORR_NORMED,house,hut4,80.51520538330078
TM_CCORR_NORMED,house,hut5,80.69984436035156
TM_CCORR_NORMED,house,hut6,80.05998992919922
TM_CCORR_NORMED,house,hut7,80.81240844726562
TM_CCORR_NORMED,house,hut8,80.83721160888672
TM_CCORR_NORMED,house,hut9,76.73748779296875
TM_CCORR_NORMED,house,hut10,82.13494110107422
TM_CCORR_NORMED,house,hut11,80.57691192626953
TM_CCORR_NORMED,house,hut12,80.52001953125
TM_CCORR_NORMED,house,hut13,80.51553344726562
TM_CCORR_NORMED,house,hut14,80.31314086914062
TM_CCORR_NORMED,house,hut15,80.69268798828125
TM_CCORR_NORMED,house,hut16,80.29877471923828
TM_CCORR_NORMED,house,hut17,80.05998992919922
TM_CCORR_NORMED,house,hut18,80.81101989746094
TM_CCORR_NORMED,house,hut19,80.88944244384766
TM_CCORR_NORMED,house,hut20,76.73748779296875
TM_CCORR_NORMED,house,hut21,81.07530975341797
TM_CCORR_NORMED,house,hut22,66.922607421875
TM_CCORR_NORMED,house,hut23,79.03438568115234
TM_CCORR_NORMED,house,hut24,80.88919830322266
TM_SQDIFF_NORMED,house,hut2,50.77445602416992
TM_SQDIFF_NORMED,house,hut3,53.38436508178711
TM_SQDIFF_NORMED,house,hut4,52.88258743286133
TM_SQDIFF_NORMED,house,hut5,53.325862884521484
TM_SQDIFF_NORMED,house,hut6,51.813472747802734
TM_SQDIFF_NORMED,house,hut7,53.406951904296875
TM_SQDIFF_NORMED,house,hut8,52.959014892578125
TM_SQDIFF_NORMED,house,hut9,50.76325988769531
TM_SQDIFF_NORMED,house,hut10,58.705909729003906
TM_SQDIFF_NORMED,house,hut11,53.01543426513672
TM_SQDIFF_NORMED,house,hut12,52.82285690307617
TM_SQDIFF_NORMED,house,hut13,52.87556457519531
TM_SQDIFF_NORMED,house,hut14,52.493614196777344
TM_SQDIFF_NORMED,house,hut15,53.25970458984375
TM_SQDIFF_NORMED,house,hut16,52.2455940246582
TM_SQDIFF_NORMED,house,hut17,51.813472747802734
TM_SQDIFF_NORMED,house,hut18,53.3909797668457
TM_SQDIFF_NORMED,house,hut19,53.463233947753906
TM_SQDIFF_NORMED,house,hut20,50.76325988769531
TM_SQDIFF_NORMED,house,hut21,53.811485290527344
TM_SQDIFF_NORMED,house,hut22,33.280540466308594
TM_SQDIFF_NORMED,house,hut23,51.8819580078125
TM_SQDIFF_NORMED,house,hut24,53.48118591308594
TM_CCOEFF_NORMED,ninjaBear,house2,53.2346305847168
TM_CCOEFF_NORMED,ninjaBear,house3,54.1180419921875
TM_CCOEFF_NORMED,ninjaBear,house4,57.9528694152832
TM_CCOEFF_NORMED,ninjaBear,house5,56.14570236206055
TM_CCOEFF_NORMED,ninjaBear,house6,53.2346305847168
TM_CCOEFF_NORMED,ninjaBear,house7,54.1180419921875
TM_CCOEFF_NORMED,ninjaBear,house8,57.17440414428711
TM_CCOEFF_NORMED,ninjaBear,house9,57.1688117980957
TM_CCOEFF_NORMED,ninjaBear,house10,58.01881408691406
TM_CCOEFF_NORMED,ninjaBear,house11,57.61940002441406
TM_CCOEFF_NORMED,ninjaBear,house12,57.1688117980957
TM_CCOEFF_NORMED,ninjaBear,house13,56.14570236206055
TM_CCORR_NORMED,ninjaBear,house2,80.85176086425781
TM_CCORR_NORMED,ninjaBear,house3,82.25032806396484
TM_CCORR_NORMED,ninjaBear,house4,83.41178131103516
TM_CCORR_NORMED,ninjaBear,house5,82.453857421875
TM_CCORR_NORMED,ninjaBear,house6,80.85176086425781
TM_CCORR_NORMED,ninjaBear,house7,82.25032806396484
TM_CCORR_NORMED,ninjaBear,house8,83.09964752197266
TM_CCORR_NORMED,ninjaBear,house9,83.09699249267578
TM_CCORR_NORMED,ninjaBear,house10,83.36614990234375
TM_CCORR_NORMED,ninjaBear,house11,83.31951904296875
TM_CCORR_NORMED,ninjaBear,house12,83.09699249267578
TM_CCORR_NORMED,ninjaBear,house13,82.453857421875
TM_SQDIFF_NORMED,ninjaBear,house2,61.6837272644043
TM_SQDIFF_NORMED,ninjaBear,house3,64.25703430175781
TM_SQDIFF_NORMED,ninjaBear,house4,66.738037109375
TM_SQDIFF_NORMED,ninjaBear,house5,64.79627990722656
TM_SQDIFF_NORMED,ninjaBear,house6,61.6837272644043
TM_SQDIFF_NORMED,ninjaBear,house7,64.25703430175781
TM_SQDIFF_NORMED,ninjaBear,house8,66.12374877929688
TM_SQDIFF_NORMED,ninjaBear,house9,66.11860656738281
TM_SQDIFF_NORMED,ninjaBear,house10,66.64936828613281
TM_SQDIFF_NORMED,ninjaBear,house11,66.53704071044922
TM_SQDIFF_NORMED,ninjaBear,house12,66.11860656738281
TM_SQDIFF_NORMED,ninjaBear,house13,64.79627990722656
TM_CCOEFF_NORMED,bear,ninjaBear2,64.57453918457031
TM_CCOEFF_NORMED,bear,ninjaBear3,70.07940673828125
TM_CCOEFF_NORMED,bear,ninjaBear4,67.05366516113281
TM_CCOEFF_NORMED,bear,ninjaBear5,72.87513732910156
TM_CCOEFF_NORMED,bear,ninjaBear6,73.56631469726562
TM_CCOEFF_NORMED,bear,ninjaBear7,70.97621154785156
TM_CCOEFF_NORMED,bear,ninjaBear8,72.36131286621094
TM_CCOEFF_NORMED,bear,ninjaBear9,71.69854736328125
TM_CCOEFF_NORMED,bear,ninjaBear10,70.97621154785156
TM_CCOEFF_NORMED,bear,ninjaBear11,70.79975891113281
TM_CCOEFF_NORMED,bear,ninjaBear12,58.233970642089844
TM_CCOEFF_NORMED,bear,ninjaBear13,64.57453918457031
TM_CCOEFF_NORMED,bear,ninjaBear14,70.07940673828125
TM_CCOEFF_NORMED,bear,ninjaBear15,60.22934341430664
TM_CCOEFF_NORMED,bear,ninjaBear16,72.87513732910156
TM_CCOEFF_NORMED,bear,ninjaBear17,73.56631469726562
TM_CCOEFF_NORMED,bear,ninjaBear18,71.77999114990234
TM_CCOEFF_NORMED,bear,ninjaBear19,72.36131286621094
TM_CCOEFF_NORMED,bear,ninjaBear20,72.36131286621094
TM_CCORR_NORMED,bear,ninjaBear2,91.74591827392578
TM_CCORR_NORMED,bear,ninjaBear3,91.97441101074219
TM_CCORR_NORMED,bear,ninjaBear4,92.25959014892578
TM_CCORR_NORMED,bear,ninjaBear5,92.39624786376953
TM_CCORR_NORMED,bear,ninjaBear6,92.31593322753906
TM_CCORR_NORMED,bear,ninjaBear7,91.94268035888672
TM_CCORR_NORMED,bear,ninjaBear8,92.19649505615234
TM_CCORR_NORMED,bear,ninjaBear9,92.38153839111328
TM_CCORR_NORMED,bear,ninjaBear10,91.94268035888672
TM_CCORR_NORMED,bear,ninjaBear11,92.02827453613281
TM_CCORR_NORMED,bear,ninjaBear12,89.02974700927734
TM_CCORR_NORMED,bear,ninjaBear13,91.74591827392578
TM_CCORR_NORMED,bear,ninjaBear14,91.97441101074219
TM_CCORR_NORMED,bear,ninjaBear15,89.20655822753906
TM_CCORR_NORMED,bear,ninjaBear16,92.39624786376953
TM_CCORR_NORMED,bear,ninjaBear17,92.31593322753906
TM_CCORR_NORMED,bear,ninjaBear18,92.43639373779297
TM_CCORR_NORMED,bear,ninjaBear19,92.19649505615234
TM_CCORR_NORMED,bear,ninjaBear20,92.19649505615234
TM_SQDIFF_NORMED,bear,ninjaBear2,83.23993682861328
TM_SQDIFF_NORMED,bear,ninjaBear3,83.94758605957031
TM_SQDIFF_NORMED,bear,ninjaBear4,84.39932250976562
TM_SQDIFF_NORMED,bear,ninjaBear5,84.79150390625
TM_SQDIFF_NORMED,bear,ninjaBear6,84.5936050415039
TM_SQDIFF_NORMED,bear,ninjaBear7,83.88514709472656
TM_SQDIFF_NORMED,bear,ninjaBear8,84.39191436767578
TM_SQDIFF_NORMED,bear,ninjaBear9,84.75662231445312
TM_SQDIFF_NORMED,bear,ninjaBear10,83.88514709472656
TM_SQDIFF_NORMED,bear,ninjaBear11,84.05638885498047
TM_SQDIFF_NORMED,bear,ninjaBear12,78.05795288085938
TM_SQDIFF_NORMED,bear,ninjaBear13,83.23993682861328
TM_SQDIFF_NORMED,bear,ninjaBear14,83.94758605957031
TM_SQDIFF_NORMED,bear,ninjaBear15,78.40499877929688
TM_SQDIFF_NORMED,bear,ninjaBear16,84.79150390625
TM_SQDIFF_NORMED,bear,ninjaBear17,84.5936050415039
TM_SQDIFF_NORMED,bear,ninjaBear18,84.81422424316406
TM_SQDIFF_NORMED,bear,ninjaBear19,84.39191436767578
TM_SQDIFF_NORMED,bear,ninjaBear20,84.39191436767578
TM_CCOEFF_NORMED,church,bear2,55.845611572265625
TM_CCOEFF_NORMED,church,bear3,55.634544372558594
TM_CCOEFF_NORMED,church,bear4,55.22468566894531
TM_CCOEFF_NORMED,church,bear5,55.304874420166016
TM_CCOEFF_NORMED,church,bear6,55.57369613647461
TM_CCOEFF_NORMED,church,bear7,55.02733612060547
TM_CCOEFF_NORMED,church,bear8,54.41421127319336
TM_CCOEFF_NORMED,church,bear9,55.151580810546875
TM_CCOEFF_NORMED,church,bear10,55.304874420166016
TM_CCOEFF_NORMED,church,bear11,56.13844299316406
TM_CCOEFF_NORMED,church,bear12,55.22468566894531
TM_CCORR_NORMED,church,bear2,83.40177154541016
TM_CCORR_NORMED,church,bear3,83.0518569946289
TM_CCORR_NORMED,church,bear4,84.19046020507812
TM_CCORR_NORMED,church,bear5,83.47948455810547
TM_CCORR_NORMED,church,bear6,83.6900405883789
TM_CCORR_NORMED,church,bear7,84.60086822509766
TM_CCORR_NORMED,church,bear8,84.56742095947266
TM_CCORR_NORMED,church,bear9,84.09614562988281
TM_CCORR_NORMED,church,bear10,83.47948455810547
TM_CCORR_NORMED,church,bear11,84.30581665039062
TM_CCORR_NORMED,church,bear12,84.19046020507812
TM_SQDIFF_NORMED,church,bear2,64.54228973388672
TM_SQDIFF_NORMED,church,bear3,63.50068283081055
TM_SQDIFF_NORMED,church,bear4,68.33917236328125
TM_SQDIFF_NORMED,church,bear5,64.82209014892578
TM_SQDIFF_NORMED,church,bear6,65.16397094726562
TM_SQDIFF_NORMED,church,bear7,69.11485290527344
TM_SQDIFF_NORMED,church,bear8,69.13172912597656
TM_SQDIFF_NORMED,church,bear9,65.02230834960938
TM_SQDIFF_NORMED,church,bear10,64.82209014892578
TM_SQDIFF_NORMED,church,bear11,65.32289123535156
TM_SQDIFF_NORMED,church,bear12,68.33917236328125
TM_CCOEFF_NORMED,cathedral,church2,65.56147766113281
TM_CCOEFF_NORMED,cathedral,church3,61.545623779296875
TM_CCOEFF_NORMED,cathedral,church4,64.6572265625
TM_CCOEFF_NORMED,cathedral,church5,61.545623779296875
TM_CCOEFF_NORMED,cathedral,church6,64.6572265625
TM_CCOEFF_NORMED,cathedral,church7,64.82659912109375
TM_CCOEFF_NORMED,cathedral,church8,64.64665222167969
TM_CCOEFF_NORMED,cathedral,church9,58.46241760253906
TM_CCOEFF_NORMED,cathedral,church10,56.7774658203125
TM_CCOEFF_NORMED,cathedral,church11,64.53071594238281
TM_CCOEFF_NORMED,cathedral,church12,65.20147705078125
TM_CCOEFF_NORMED,cathedral,church13,65.56147766113281
TM_CCORR_NORMED,cathedral,church2,81.66558074951172
TM_CCORR_NORMED,cathedral,church3,80.47651672363281
TM_CCORR_NORMED,cathedral,church4,81.19609069824219
TM_CCORR_NORMED,cathedral,church5,80.47651672363281
TM_CCORR_NORMED,cathedral,church6,81.19609069824219
TM_CCORR_NORMED,cathedral,church7,81.46358489990234
TM_CCORR_NORMED,cathedral,church8,81.46575164794922
TM_CCORR_NORMED,cathedral,church9,76.326171875
TM_CCORR_NORMED,cathedral,church10,74.01433563232422
TM_CCORR_NORMED,cathedral,church11,81.33840942382812
TM_CCORR_NORMED,cathedral,church12,81.77297973632812
TM_CCORR_NORMED,cathedral,church13,81.66558074951172
TM_SQDIFF_NORMED,cathedral,church2,59.138023376464844
TM_SQDIFF_NORMED,cathedral,church3,57.81992721557617
TM_SQDIFF_NORMED,cathedral,church4,58.35689163208008
TM_SQDIFF_NORMED,cathedral,church5,57.81992721557617
TM_SQDIFF_NORMED,cathedral,church6,58.35689163208008
TM_SQDIFF_NORMED,cathedral,church7,58.46296691894531
TM_SQDIFF_NORMED,cathedral,church8,58.68121337890625
TM_SQDIFF_NORMED,cathedral,church9,51.51560974121094
TM_SQDIFF_NORMED,cathedral,church10,47.45458984375
TM_SQDIFF_NORMED,cathedral,church11,58.35957336425781
TM_SQDIFF_NORMED,cathedral,church12,59.24092102050781
TM_SQDIFF_NORMED,cathedral,church13,59.138023376464844
TM_CCOEFF_NORMED,rock,cathedral2,63.560115814208984
TM_CCOEFF_NORMED,rock,cathedral3,65.36283874511719
TM_CCOEFF_NORMED,rock,cathedral4,63.51131057739258
TM_CCOEFF_NORMED,rock,cathedral5,63.16769790649414
TM_CCOEFF_NORMED,rock,cathedral6,63.46876525878906
TM_CCOEFF_NORMED,rock,cathedral7,63.48462677001953
TM_CCOEFF_NORMED,rock,cathedral8,64.08625793457031
TM_CCOEFF_NORMED,rock,cathedral9,64.08977508544922
TM_CCORR_NORMED,rock,cathedral2,84.77342224121094
TM_CCORR_NORMED,rock,cathedral3,84.55110168457031
TM_CCORR_NORMED,rock,cathedral4,85.1108169555664
TM_CCORR_NORMED,rock,cathedral5,84.87437438964844
TM_CCORR_NORMED,rock,cathedral6,85.15625762939453
TM_CCORR_NORMED,rock,cathedral7,85.11821746826172
TM_CCORR_NORMED,rock,cathedral8,85.15643310546875
TM_CCORR_NORMED,rock,cathedral9,85.02190399169922
TM_SQDIFF_NORMED,rock,cathedral2,57.29075241088867
TM_SQDIFF_NORMED,rock,cathedral3,58.18498229980469
TM_SQDIFF_NORMED,rock,cathedral4,57.9478759765625
TM_SQDIFF_NORMED,rock,cathedral5,57.590248107910156
TM_SQDIFF_NORMED,rock,cathedral6,57.97148513793945
TM_SQDIFF_NORMED,rock,cathedral7,57.947303771972656
TM_SQDIFF_NORMED,rock,cathedral8,58.823646545410156
TM_SQDIFF_NORMED,rock,cathedral9,58.486270904541016
